"item","label","domain","respondent_scope","coding_note"
"Item01","Simulated item 1","Artificial generating block A","Same 200 simulated rows; no population interpretation","Artificial continuous score; not a validated construct or scale"
"Item02","Simulated item 2","Artificial generating block A","Same 200 simulated rows; no population interpretation","Artificial continuous score; not a validated construct or scale"
"Item03","Simulated item 3","Artificial generating block A","Same 200 simulated rows; no population interpretation","Artificial continuous score; not a validated construct or scale"
"Item04","Simulated item 4","Artificial generating block A","Same 200 simulated rows; no population interpretation","Artificial continuous score; not a validated construct or scale"
"Item05","Simulated item 5","Artificial generating block A","Same 200 simulated rows; no population interpretation","Artificial continuous score; not a validated construct or scale"
"Item06","Simulated item 6","Artificial generating block A","Same 200 simulated rows; no population interpretation","Artificial continuous score; not a validated construct or scale"
"Item07","Simulated item 7","Artificial generating block B","Same 200 simulated rows; no population interpretation","Artificial continuous score; not a validated construct or scale"
"Item08","Simulated item 8","Artificial generating block B","Same 200 simulated rows; no population interpretation","Artificial continuous score; not a validated construct or scale"
"Item09","Simulated item 9","Artificial generating block B","Same 200 simulated rows; no population interpretation","Artificial continuous score; not a validated construct or scale"
"Item10","Simulated item 10","Artificial generating block B","Same 200 simulated rows; no population interpretation","Artificial continuous score; not a validated construct or scale"
"Item11","Simulated item 11","Artificial generating block B","Same 200 simulated rows; no population interpretation","Artificial continuous score; not a validated construct or scale"
"Item12","Simulated item 12","Artificial generating block B","Same 200 simulated rows; no population interpretation","Artificial continuous score; not a validated construct or scale"
