"X","Item01","Item02","Item03","Item04","Item05","Item06","Item07","Item08","Item09","Item10","Item11","Item12"
-0.967281004447358,-1.33729587844905,-0.27843087284098,-1.45511027327656,-0.206798479406127,-0.541214397531991,-1.22772100428314,-1.06435556322237,0.607019400727535,1.04121261347732,0.367791912597279,0.0460337921428203,-0.00486450106655278
-1.86353310940101,-1.26432072263209,-0.596845813123859,-0.243757216353262,-1.32662770070594,-1.09054418957946,-1.41057888048334,-1.59078574173093,-2.07454691710128,1.86553292670053,-0.523667395775227,-1.84637179218863,-1.14079859114959
-1.43620717215819,-0.7590619570146,0.34089698812634,-0.490247733569776,-0.107060107265548,-0.198022259771886,0.137971738028808,0.165540728237878,-1.42387032814704,-0.880768910736071,-1.31248223627579,-0.207774684590462,-0.575532937093103
-0.983002576397241,1.00798745850235,0.434886668219237,0.826249668669077,0.624902287972996,0.957516794321999,-0.142907699264963,-0.555550134375979,0.619240264216257,-0.721273975836662,1.25023552357423,-0.125584193242864,-0.478763525820884
-1.61585870981707,-1.11789753738637,-0.948418369373351,0.132119447103509,-0.980643721016848,0.244424287012913,0.647456227896434,-1.95356319103264,-1.70165717839537,-2.24181911104481,-1.80695486153422,-2.68532813032763,-2.46588232907999
0.204548582149179,-0.845690582333032,-0.128471410578747,0.313366822223255,-1.64125795493372,0.143471865706339,0.343574096489519,0.249819118233754,-0.151851382167931,1.35171082707334,1.98824576716229,0.546382489830416,0.365578887822468
-0.573341749185232,-1.0016466626721,-0.506699562477787,0.459042221079556,-1.80470322803367,1.42383527116346,-1.4125753395295,1.55734366564949,1.7848487730619,1.81164692129853,2.62689316001674,1.85630165763334,2.45772652199222
0.514908375922244,0.0792255646199271,-0.071217358584179,0.155616430028684,-0.679276176570591,-1.00745045749368,-1.12984804052682,-1.37627064272356,-0.0282977445649332,-0.170852887250345,0.150783832249886,0.655875923419271,-0.28503552368296
1.78314831452498,0.356052999251904,0.781233452093627,-0.520527607361501,-2.11809858398262,-0.115527625074328,0.185026257968708,0.408507711706757,0.6458693401248,-0.081153901183345,0.926032495584705,0.864084887286197,0.473817057410075
-1.06994348799711,0.87671219594502,1.05860774494314,0.676305762481636,0.664294007239093,0.53663500977678,0.00642765629341369,-0.27438390918527,-1.18021157903495,0.180731976511096,-0.208463261309375,-0.416864108040094,-1.09042781455516
-0.810266288214351,1.61240437803463,1.45982691254065,1.75609624749343,1.67441791785459,1.19107035774272,2.80576524015738,-0.0613178812045767,-0.00387172416088716,0.946067949744864,0.610719965623391,1.80344854704017,-0.810269256353262
-0.297698267641049,-0.463787198592776,0.73220166440272,1.33728993201573,0.283509204606545,0.47375083033194,-0.222319835280035,1.81881409289198,1.27996122155182,0.780031132651908,2.29500183636507,1.44955509866631,0.504079670321599
-0.0700488256111222,0.699465921250568,-0.0239094388345391,-0.038623702742768,0.0263535913842606,-0.271652515633183,0.0207681585157984,-1.26735157862986,0.514612326247658,-0.120671265845878,-2.12689326884313,-1.65063791590921,-0.0238864071051127
0.399353358870268,0.58348766356918,1.17522182631655,1.9756016886929,1.33803847634595,1.20452426857857,1.26590491500956,-0.327383272045719,-0.0258172355720716,-1.13635369877075,-0.639618335458017,-0.124387874112164,-0.440229921190353
-2.91529430236764,-1.29074441272424,-1.52499456648869,-2.02877517112205,-0.784143033999343,-1.99268193836679,-1.9065410590084,0.122386984979727,0.591763974329774,0.311996076618796,-0.616678490482948,0.47733255246924,0.218463978503178
-0.815920800633357,0.72290184351246,-0.497777202477244,-0.147102548464668,-0.485876925089157,-0.845224845129551,-1.32079704420455,-1.89804798638219,-1.33107436432584,-2.22361275581874,-2.85114740221763,-1.22565060375679,-0.569614925918813
0.446667084364774,0.480944314470966,-0.571139962681042,-1.33006035595334,-0.0247707976994603,0.892598217663773,0.851933736459111,-2.35150569250923,-1.23887542746849,-0.90397597699079,-0.935440708722029,-0.470841946823635,0.76783550923616
0.645518529878054,-0.579007498179548,0.163392096503297,-0.644418761445278,-0.696096916933557,0.834634365216015,0.034469272388313,0.63669858804155,0.847475380963954,0.538807842872579,0.976773603128491,0.585375663549319,0.909469809183178
-0.147507950893969,-1.35493776716776,0.219420440173769,0.240332260084239,-0.772764424194028,-0.22075998783,0.926259076985533,-1.30112687400039,-0.68739176518571,-0.000359033829238464,0.003095877285274,-0.491526392093077,-0.257677618667599
-0.796409426902376,0.244998051561691,-1.01453657392321,0.848915177609009,0.454415690246856,0.665269422416438,0.59165967709248,-0.118519044188705,-1.1114278681186,-0.494962526250109,-0.0528487300563142,-0.205433882494496,0.845282512261252
1.26205118491572,0.238904748687044,1.07422606979379,1.04699212818071,0.915677287444848,0.22348676918518,1.03977275071423,0.666600079875889,0.0568877629331406,0.0926655243790518,-0.12134526960986,-0.24129045157809,1.22656257823525
1.52136279051255,0.165847728340357,1.38834672691644,-0.997182063632826,0.249974121812071,0.168505805999266,0.325538715357948,-0.711654184381047,-0.763652119602743,-0.564365911302377,-1.06469920253539,0.387741485601224,-0.93714353978486
-1.47460474464179,-2.46857837284443,-0.804414297658484,-2.50452996122751,-0.625941361246234,-1.64471317303707,-0.391947282199299,-1.48591367461986,-1.53716821973019,-0.806850898345353,-1.43921971777615,-0.634312641976721,-0.514558269211155
0.185299385670573,0.135193747137625,-0.400056962953048,-0.260331024453817,-0.465896775710762,-0.403407332112121,0.68980958802374,1.05857199483464,-0.108386938939949,-0.843565472376473,-0.452154157335895,-0.216258388856122,0.0979833589633077
1.74723328058196,-0.982553298997055,0.478716316579745,-0.426352282081469,0.0648463363985957,0.256605877141456,1.56956095873746,0.478911156371978,0.372001221820022,0.0604083680474905,-0.49034315505591,0.518564298738319,0.533654490508062
0.618092837254945,-1.39142851778412,-1.15346496240315,-2.3976156686088,-1.16993872169887,-1.15705681303347,-1.34306122543,0.242902518488726,-0.156273476898711,0.775419044550542,-0.318550992870809,0.463180660660124,-0.933713149437765
1.38889538266168,1.27663709723398,0.374652088054641,1.57645297347897,0.759914974931727,-0.0128885890495007,-0.13986842968045,-0.62666620672448,-1.15196606531091,-0.565520734687365,-0.760497244938605,-2.60585402541891,-0.662294342040713
1.24749560141751,1.12016126203182,0.628141113469836,0.528614864964719,0.184733211917593,1.15059052635638,1.51628170559902,0.527220036279867,1.46477449820274,0.0984527290070605,-0.0815158168933476,1.41898453225976,0.382976510222011
-0.546938779945846,-0.119094666095502,-0.167880837833817,-0.863966941717479,-0.522143817976835,-1.64217919003972,-1.74320335361831,0.111435695672179,-0.41981741315524,-0.0682927420583203,0.0605823724912292,-0.728203266806634,0.101898935055661
0.560284470800036,0.803882530837093,-0.980986305897453,-0.339066391176103,-2.14206440614338,-0.132779673603337,-0.300857512598948,0.756529878272513,0.229993566050334,0.589801522950597,-0.184581031961991,-0.0771129896194297,-0.323828970580153
0.0797177408329126,1.19651496277895,-0.288122273755945,1.14886344108752,1.19366594071896,1.40091547752844,0.114658839568387,-1.00987183266961,-1.14135772235442,0.302618942164367,-0.260629066151684,-0.77554707863578,-1.67645576172008
-0.377450373952961,0.668657039029945,0.582247612593274,-0.572622552070702,1.64861641239046,1.69035368369572,-0.163626252429681,-0.842648632801408,0.290056278531921,0.527245756230161,-0.0320115129031359,0.597682629131833,-0.312512466770479
1.50392901662531,0.838595065429935,-0.133541705782608,0.368756002014979,0.582546991181351,0.213931006891762,0.355899436579027,-0.0114673929904293,0.897887498830163,0.537943440239371,-0.220381338594833,0.202333307999842,0.0345753046218026
1.16715063203087,0.507768869075174,0.263024210137608,-0.713691848420003,-1.01823733405697,-0.808839689235026,-0.0279891019188832,-0.200487683767689,-1.57070305867376,-0.281418070846793,-0.97600965020202,-1.25149537606768,-1.04693331811574
0.156965480964217,-0.496782368846118,-1.08877340728529,-0.356319399919797,0.167150945824881,0.256165384127037,-0.65492531163171,-1.47975645163785,-0.672736347969014,-0.985647638054268,-1.43207905661359,-1.80435987770342,-2.06694336153075
0.931403158084808,-0.357485171111137,0.241070736386887,-0.652560858634226,-0.250342068346557,-0.704592307240114,-0.460550159696242,-1.32483671914438,-1.82621060476369,-0.843124851045091,-1.10354583704941,-0.876156968022391,-1.53521680431817
-1.29871236122095,0.596624266498024,0.75395305274702,0.984321389221932,1.19059520876356,1.32602857778901,0.266744170159557,-0.945526453814673,-0.972648165852875,-0.232402703833438,-0.753303459221147,-0.203842343098459,-0.9613406355461
0.156654721459846,-0.339806740155079,1.56407353535997,0.283084867392421,0.298509440299179,0.400833449567858,0.0725547422907971,0.354897949425915,0.152882714591347,-0.180967812275256,0.928442713625604,0.170288423148733,0.3685681206099
1.48215530455238,0.294247478602867,-0.0620851264915647,1.55160751671964,1.0317028866721,0.440430472435211,1.69172335352386,-1.33662817067875,-0.191168894528076,0.108723230023864,-0.00934316831697191,0.0636693806757122,0.206413777284044
1.19846796697271,0.708257674818626,0.919144721817707,1.75404818540403,0.565667213028475,0.85650563951525,0.237127522852916,0.0915515287164329,-0.847771598189874,-1.86987538171959,-0.738926755196909,-1.2589656464278,-1.74319173379233
1.29571813882029,2.09227645274209,1.65449444429136,-0.539378065640728,0.408224714603886,0.297246320061269,2.05665845794897,-0.730712751320464,-0.192483646415196,-0.199201294852328,-0.535359783610185,-0.289708741712005,-0.499217616601283
-1.281342881183,-0.809530097732045,-1.45925989854041,-0.801168827996237,-0.0222150684141458,-0.70653546303129,0.0393466659882375,0.629510497373464,0.263350781266345,0.828510045296947,0.914244562155623,0.79354211840855,0.59508662298872
-1.13242938113429,0.461264007805089,-0.176601359726038,0.0663313342972479,-1.58482159617881,0.0616718902653389,-0.225128675028548,-0.373200699096693,0.914492771763768,-0.469500674000849,-1.78495921564572,0.744116239280535,-0.468171247972318
0.230759928558429,2.3522679761244,0.533089246218848,1.20952918139303,1.24318659185757,1.31155945518365,2.28503173933142,0.234537440782651,-1.25190535257893,0.0483456034290526,-0.90325693950218,0.625019516816708,-1.00392758754129
-0.238547902875853,-0.891342882766213,-1.37249768852236,-1.19419027840339,-0.111584415169787,-0.246419771320846,-0.646242860705446,1.11611620806096,-0.439386420119194,0.536440490405905,0.357991787532458,0.834686607587552,-0.659768216190204
0.883385884316255,-0.341335162993701,-0.21457959785759,-0.563872981223475,-0.525287837049965,0.0924002602173627,-0.33986322946286,-0.0923683715435395,0.0306178548011387,1.03359481478905,-0.426530544163372,-0.632587181810605,-0.80354962636639
1.24885099353735,1.29973964676911,-0.0749245185834271,-1.00655006590263,0.219071426276392,-0.185002023485664,0.449895447423322,1.40431900188341,-0.0591177907131567,1.19763823166577,1.45460214741798,0.329197741299408,1.25918758088705
0.49917173084964,-1.51075890246975,-0.524314028478336,-0.519261219308514,0.0960753274516989,-1.54962315481143,0.280274956176457,0.794770770883111,-0.126831021779007,-1.973519742471,0.865913078978005,1.02888340436582,0.524862258423266
0.0698357208981206,-1.72134313743455,-0.378238187871747,-2.33758052601824,-1.58256965256842,-1.28787476585391,-1.69838109451341,-2.50564415497613,-2.43638224772895,-2.0061901774162,-1.38838516167595,-2.10909108721026,-2.01031312364782
-0.224817100579182,-1.30570886433013,-0.854680923718587,-0.990879104172508,-1.31888965999802,-0.597362336528164,-1.41523396081219,-0.384515888626798,1.62431912663722,1.84351796823068,1.33866171326324,2.0018181377871,1.44186140379373
-2.00687738180419,-0.784337251243893,-0.77628087862076,-1.82508595323272,-1.24538813970525,0.0869264168001918,0.0461428461757751,2.46273752463354,0.740892627783157,2.03098670801339,-0.261679648854416,1.50672079307026,0.797939097296255
0.415647056574967,-0.925207664137117,0.340374725242992,-0.00790775403998722,0.0531518974035986,-0.654950188274071,0.8893943226516,0.281259442737827,0.737966275627877,0.671963503766659,-0.490466009826497,0.792761139098024,-0.543362532351507
-0.886443723704331,-1.15089602448719,-1.06902509670866,-2.29300644116023,-1.0820871709286,-2.11834842785328,-2.41812255645767,1.75357725232739,0.482043413296073,0.556816138190857,0.507885324295045,-0.479255554509077,-0.156670349630661
-1.30083654178186,-0.731540862358899,-0.731414907602096,-0.196906631841371,-0.896494663050164,0.388303261380161,-1.33284080195736,-0.97068450667484,-0.195899098142285,-0.679966064126242,-0.508538384121116,-1.20274473336969,-1.30743350477218
-0.866599832487903,-0.74353361039701,-1.22163970278232,-0.347208270651253,-0.597225828084316,-1.14103959980792,-1.71279919595475,1.80256446958742,0.202590706192494,1.4029989722508,-0.0981316545091864,1.50646949964489,0.995815661500668
1.95475180206137,1.06563083105269,1.5755739498124,1.77362673636007,1.79513819148746,0.455400441527704,1.30769973197361,1.43503250066028,0.454040584071725,-0.959677612195603,0.44945034742054,0.365011608439257,1.00429956918034
0.507529246612289,-0.661015372880268,-0.0637945277717493,-1.59144718349096,-0.837141004295847,-1.88330128706662,-1.869688217565,-2.22217401924525,0.251864630326117,-0.795773663232222,-1.10879791686782,-1.27448090665768,-1.36192252584408
0.814370820641834,-0.134367061108925,0.826325045620103,-0.972396027433432,0.255064811468499,-0.478986159617198,-0.239080512290403,-0.193725924862743,-0.482515195884881,0.0446159789520249,0.522577048948864,-0.815700316781763,0.986130038121561
0.508065424563997,0.14459674172974,0.312498042396202,0.704979438758784,-0.36910511599682,-0.14998605135864,-0.540694804898677,-0.435339522399064,0.433448187259421,-1.38485007874483,-0.00443384337802522,-0.564451776230107,0.55864715269378
0.265232495375733,-0.434008777469177,-0.399377156699063,-0.121398278447937,-0.491234097729475,-0.248799361808023,-0.144259463230977,0.308456718763415,-0.86991094683367,-0.402495669147782,-1.77622396578498,-0.513810843764558,-0.590760517887008
-1.2891021141706,-0.233076392387306,-1.77200883584254,0.072332648102757,-2.31220304439535,-0.659608397539715,0.40420181810492,1.09683251320673,0.306852407590979,1.12050748070921,0.589501322623078,0.681850511830408,2.61199450082628
0.360213994287538,0.400123223420065,0.545464829440782,1.12790437244118,0.0638784353305251,0.483794133920119,0.704850359021913,0.311073431898453,0.0266515095221311,-1.32688598199132,-0.20585486761562,-1.0034656767882,-1.68261254372474
0.606307951733976,-1.24429825518497,-0.937819707273648,0.118857123493575,0.215198146333383,0.257548480887579,-1.0941267960204,0.15422762425359,0.219566893401841,1.03829039537352,2.33909268096787,1.4945723534822,0.696353742459815
0.600322924902033,1.28013724925817,-0.297515121458496,1.67261054565193,0.197781468957722,0.940970494647261,0.244022231163343,0.0226313605164046,-1.49528041046361,-0.42050747919887,0.151172163317184,-0.263552427916503,-0.911468322204618
1.51329874111562,1.17309777573994,-0.0174930161185175,1.23612074762072,0.626692319815342,1.88498224092335,1.85746823300692,-0.310202357979466,0.414821070335859,-0.845717813965626,-0.882091145267731,-0.438467715202602,0.460576899111181
2.49981672066742,-0.957019761250624,-0.703936008886427,-0.498456669240579,-1.14990644618721,0.302081745038594,-1.45225531413849,-0.824288510759103,-0.90335415227198,-2.34156535995105,-0.353319852278965,-1.09903191993955,0.207880102227645
-0.311906927124008,0.871974293933176,0.788660832604843,-0.741485056163522,1.31850755351203,-0.603084668464048,1.20608502595271,1.60456090944312,1.6243411721824,1.50448539454619,0.687930228317705,0.427348701414783,1.36274854744279
0.0258687188821242,0.260785884638606,-0.358006392049639,0.545689705251972,0.458975180557407,0.223663353839447,0.46864450710528,-1.41905482027087,-2.26588605824399,-0.921315683517302,-1.27580252003754,-1.44019062969533,-0.204182731357426
1.57082452869566,-0.9218768835185,0.222509135403705,0.803655423108641,-0.306094544604595,0.329639086670915,-0.217858390063878,1.42562860429176,1.77966845706543,0.935988266335857,1.24964094326285,0.943775404542277,1.24766899959448
0.445216675542125,-1.33319424038625,-1.1275294781115,-0.51713733578108,-1.85767434498492,-1.88054782538501,-0.207893708873696,0.304798042476467,1.30476234970425,-0.208528904514261,0.547995014275474,-0.040258123019645,-0.417194577252856
1.01974408724208,-0.263703840619185,-1.52028379727575,-0.20001533337297,-0.211886330358794,0.0857636562054932,-0.769461680734217,-0.493398704496662,0.370979217556959,0.425997125574325,2.1868181029891,-0.40943659861484,-0.538779572743104
-1.45536406579636,-1.70155666150947,-0.984984088456561,-0.63967558297325,1.51716793684465,0.27801794502422,-0.763410695257859,-1.78969750064848,-1.45393057553431,-1.01286959408644,-1.68028526712372,-0.608387159624108,-1.86702992588524
0.310387944541453,1.46160180895446,0.0354848156448889,0.31042843604503,0.720552514353258,1.99920227952358,0.909305593174969,0.43283281221395,-0.00498122362074044,0.764620550913939,-0.628900937751997,0.234264023250975,0.114827275190094
0.918286489358932,1.03460617626152,0.198053356396697,0.87233178354399,0.193700787293559,0.22738612733599,2.421924512474,0.359073238116371,0.422741064351034,0.964651807387623,1.12871505579874,0.12249021013009,-0.734160389703468
0.203911490990725,1.02156688921759,-0.00316502078315095,0.960430672755896,1.56505584123086,1.72235510822912,3.0931053145235,-2.57327945650222,-1.74402339416412,-2.09208584484107,-0.93242728973057,-2.23017795892826,-0.812919859097772
-0.0439154193546123,-1.41754552845818,-1.05702019497704,-0.29171100815923,0.163640570034281,0.24160664365466,-1.56463172432554,0.449697867027242,0.894908067223358,-0.472681373163986,1.036874439726,0.276003620922609,0.631998604401986
-0.833423087981641,-0.294573601383772,0.427624072235523,-0.416292734512665,0.36283653502355,-1.09642703363849,-0.656974153931145,-0.24673827787322,-0.225835923266149,-0.218935969164679,-0.62356048086426,-0.60056260905022,1.09610048894635
-0.388205891113212,0.199276703012363,-0.0744204035435007,-1.09756089987519,0.229691567348168,-0.0374659345714263,0.499263281915916,0.391672174141601,0.70927794217468,1.73740214989754,0.515347318933396,0.538521462493131,-0.0726780470958945
1.0624929091759,-0.102829674188107,-0.0434343000103073,-0.0251147676095955,-0.156866291995703,0.424876288146392,-0.489761631121557,0.471274792578463,0.927269612609491,-0.837528612642658,-0.187344311675816,-0.361870883999622,-0.602783964110678
-0.943388208024951,-0.966334538618712,-1.86238425970781,-3.85222473916094,-3.21838293383125,-2.83542668321084,-1.43805431278925,-0.455683797152217,0.606075096526747,-0.425627711243774,0.570194391834874,-0.896245228682833,-0.0485317328693192
-2.39446458384881,-0.267506497160489,0.601026287547853,0.55415434545853,0.769664540913346,-0.202030530639654,1.58836076482906,0.969501107357105,-0.287161398797175,0.19101059686305,1.02786033436311,0.789699643860118,0.299940234326101
1.08846882967041,-0.650670991983392,0.0321492375787145,-1.02239058787688,-1.38537740305638,-0.558778212909458,-0.0401707252294874,0.461234486224373,0.589058625393955,1.55183242145113,0.941738278561626,0.0574366160365455,0.875256225402597
-1.70489005948329,-0.563733872995197,0.118091769669917,-0.113379572075779,0.0040554158496881,-0.449231261304057,-1.55069697658416,-0.7390772685548,0.650649737702087,0.489680009216689,-0.0858192920867094,0.280499326378228,0.194815346353669
0.269593639527545,0.144607315760919,0.552975448967103,0.618819400148528,-0.305162384824773,0.504096234802317,1.10615494270471,0.126774958193152,0.836241045117746,0.587369751067724,-0.376349761395769,0.24376133289081,0.0606692962386153
1.29171170643137,0.130915878707977,0.061801707909343,-0.643031134524426,0.060467373362339,0.421893264557574,0.189645224213322,-0.148292000279184,0.118257236658247,-0.746448727652845,-1.07577812421619,-2.2098005453284,-0.806745074292758
0.391956243476134,1.15986468819012,0.76964540907961,1.09018194792956,0.288165564734261,0.638342916040507,0.768547352443576,-0.083577800342046,-0.414032070195332,0.314664245772196,0.869180109999633,0.724608755622259,0.568459189225738
-0.0166910706467144,2.84711341044689,2.54248596425742,2.57022881879941,2.58346265179603,1.42170114392951,2.50959216043616,-0.486767245188849,0.783453096858395,-0.952931277601462,-1.72343245513648,-0.610453781443726,-1.20995891920324
0.679448089998578,-1.24554820135946,-1.02506918061296,-0.824601957311797,-0.714801814057609,-0.95808652894459,-0.533598317770743,0.423816635243945,2.26389097469034,0.261792060463476,1.41712490306278,0.390811928223441,0.706507447616183
1.9418486968825,1.81858191881937,1.7647087050273,1.57059147058544,1.56244012709242,0.886061104694022,0.120107800771549,0.010289442483438,0.407895122809479,0.316471909189843,0.759297359047279,1.05725782806151,0.430801568260204
-0.44395903352964,0.0104602090766082,0.00564085634530037,-0.880479340155354,0.34232144005464,-0.615561782499832,-0.882854741997327,-1.14193406215888,-1.82192183570651,0.0430005296076639,-1.88642067381036,-0.689005570132517,-0.169066872532277
1.10878409655537,0.621619948920215,1.21221693658023,-0.0197704086377629,0.107621527044895,-1.15857095831098,0.808537614588818,0.815676691350235,1.17222946048113,0.429172081667821,-0.688515341495926,0.0431148990238971,-0.187707328790888
0.553480182886376,-0.247147751632599,-0.576128656136932,0.650832518189508,0.676979364966143,-0.142585611765815,-1.05797743194951,0.410549377842008,0.285360513195674,0.00678203500188368,0.887014919805457,-0.189685828999272,0.519745463545559
-0.855074362097721,-1.61132439156126,-1.39669663498883,-1.06255888906227,-0.673752733365472,-1.36725069372162,-2.19043594310564,-0.153310959327461,0.527748497994076,-0.568732931351236,0.412462146784551,1.36242723712023,0.0316872561615286
1.08698269654064,1.80436533986675,0.69359479675355,1.51532038252182,1.33738969172478,1.16224517527942,2.01820608837633,-1.24485019336459,-0.293133814000369,-1.66037985442504,-0.662944623608194,-0.163375301480114,-1.01704119550177
0.611431452551237,1.18080496819114,0.422377570361657,0.483043338420108,0.408685599863537,0.360051394632529,-1.12953404021499,0.727260279956267,0.863136644070472,-0.42195802649581,1.37008045417773,0.944112734080808,-0.348874477451019
2.17283131185781,-0.839986059196026,0.338178545272853,-0.238314776485501,-0.734572176547365,0.245587343108695,-0.593567137766471,0.561384568072659,2.51037940123528,2.15072579514473,2.4795040864886,2.43548399381754,2.3808808160998
0.39131904829283,0.427186115028503,-0.873013033028415,-0.851664854426266,0.108859588762214,0.063488276128976,-0.483230738561845,1.18190627365761,0.946369939324518,0.828946630445777,-0.363586801086317,0.42374159880292,0.704593903469001
-2.21922464117199,0.239533099137297,-0.341651927320639,-0.416653852151352,-0.168328917467841,-0.641397634281608,-0.0509318773125096,1.01446274062362,-0.647382524837786,0.0903711445837776,0.488928300124811,0.820670249856243,0.098749821520109
-1.39682947623456,-2.01443750226569,-0.691169473966497,-2.01914816700157,-2.26046863487786,-0.398704624536032,-1.61232180923751,-0.169294620483116,1.1752269250805,0.225353813531351,1.71300815795291,0.0185395454233659,-0.109738706071044
1.6251011095885,-0.380481383707022,1.27340406356154,-0.203430942778261,0.542730264773152,-0.135296873332058,0.262590564785192,0.417129862366436,0.142044422390219,1.08253405649567,-0.224089803094409,1.2416397845737,-0.700533827332004
-1.85056120491735,-0.780900875075709,-1.20509813512534,-0.0233830334591408,0.422302360367235,-0.366669354010286,0.258730463759405,0.213138152982214,0.439203639442576,0.748503639374233,-0.0733097662123277,-0.166738581855121,0.463264297987514
-0.0333578786357154,0.448553630203108,-0.634584498613925,-1.58153269966556,-1.26598091443437,-0.323664205836488,-2.04276531768854,-2.00742807879434,-1.61073342253139,-2.19330410240161,-1.74945925251188,-1.58339708788643,-3.17102993369165
-0.474703527160442,-0.817117906416028,-0.594544387049958,0.56040459564459,-0.823295195635532,0.129154120527764,-0.688045997362926,-0.0247077188476773,0.69671919045187,-0.685675688717747,-0.306119892845176,0.465016935329434,0.400073711906602
0.884876283920083,2.00839280367624,-0.0555302855762783,1.68204596183704,2.04956501916807,1.80735665978618,2.36093649338931,-0.251414424592759,0.848945599969862,1.54486312902234,-1.28880806622978,1.0811864184943,0.114236790688257
-1.241811249908,0.512705861761167,1.65117924591657,0.32415680568689,1.25626485746306,0.642840376804595,1.91195565552849,-0.622597783560133,-0.899043376804446,0.219775338516086,-0.642857155050303,-0.403796667633022,-0.587389951273524
0.934053255178726,1.15310524320108,1.21852530634082,0.392086942646843,-0.569345733299773,2.44030003757137,1.99344837358012,-0.0102966613628339,-0.686398368639134,-1.74258055923725,-0.997772055012383,0.225594483010125,-0.35897398656815
0.261418352448046,-0.481904321962006,0.169886579846652,-0.519360305828656,0.606122354015288,-0.197724201008941,0.0337742250543625,0.787731643064161,1.01049536891456,1.32910936914096,0.564177392877764,2.13841630206287,1.86134049617457
0.311093645043319,1.32849966971106,0.564350072355164,0.188155975333346,0.819088801749335,1.57123512162649,-0.0118444421612305,0.272894080866787,0.829377454954188,-0.402471316602573,-0.594211761465539,-0.546029748102769,-0.341289077432067
0.514767877438218,1.98432158835993,1.24098758738287,2.19557406920742,2.21122411787672,1.31350463833996,0.973713743737027,1.67819768560087,1.35043786936947,0.832840980877104,-0.0922307775792227,1.47215526843255,1.68889256376154
-0.427636662746787,0.911819075246151,2.30947011430901,0.745407827332242,0.697675464072268,-0.520571709043879,0.605293769766716,0.563456700031049,-0.829420802550485,-0.576509962010056,-0.753577953762983,0.540327421370928,0.329282183739256
0.651805662832417,0.746853958761371,-0.490434085022711,-0.901989560342032,-1.23936196358425,-0.147891327277885,-0.739208193527057,-1.42399201884023,0.314818221770822,-1.44109293800693,-0.0136004113604354,-1.42639836836356,-1.36772689459412
-1.15244851481405,0.350557616591517,2.24927578033567,0.81298096571892,1.41809212122985,1.41428919756107,1.51210388050318,0.561059753503521,1.46707177292726,0.102942071380441,0.933375921248172,-0.398028344026488,0.553629200140053
-1.52077760520629,-1.71527913376261,-2.12130815534969,-1.09543334369034,-1.96909248344993,-0.865730995133438,-1.62980895768856,1.03172813511252,-0.188284147850605,0.575609172325623,-0.963498939228808,-0.783993967248066,-0.899435350444164
-0.745889795043872,0.715057596599108,-0.301397228023882,-0.389615343580683,-1.77751010494564,1.487080377192,-0.967565451003684,1.14009065292811,0.373272622398794,1.77855665206271,1.24840035195422,1.64215202652796,1.07403913114998
1.33600857507139,-1.0838197286752,-1.61581490887063,-2.32614715876165,-0.560034693229437,-2.51072593990911,-0.922030384116029,0.874233152056443,0.690720031162092,1.75266993178868,1.19033893066643,-0.651216353331048,1.47308888543209
-0.248187726310131,-0.352452562337746,-0.760790551347462,-0.882642860665771,0.300475315413248,-0.720712984019265,-0.390584296062048,-0.747591969553413,-1.46128760290506,-1.32369549856949,-0.844644822847141,-0.760981071592388,-1.07888369344227
-0.960976791331524,-0.802124140656272,-0.302824851262115,-1.22498876924049,-2.03037534168124,0.262946417599932,-0.0582058588907205,1.70967551755166,0.676343657090734,2.2015672615275,0.891346922089606,0.365950494335548,1.09827184029021
0.853653300652376,0.722827384681015,-0.111270789539212,0.114662083004038,-0.0856548176640995,0.720931423201342,0.0406012306914253,0.801823199866404,1.22396532637038,0.154935240834504,1.45667431140605,0.484649263972597,1.79841667438614
0.62112333442924,-1.5130694884561,-0.525843154003984,-1.31657630179975,0.00303653560717787,0.939702721940218,-1.56224106582789,-0.109953964518553,0.0658899882105625,0.258462009679541,0.199024522810814,0.309164022483367,0.187339717176097
0.845857423111423,-0.396761319634983,0.42793336673109,0.352120182364381,-0.476881320037191,0.379983397240378,0.474056294308473,-1.1127654490205,0.663268974401757,0.0761721568985283,-0.835772054113055,-1.25169422971027,-0.918170704575967
0.03212421202956,0.493442096821424,0.304692854660255,0.148027775018313,1.47412605727797,0.045846438944502,0.752173121558225,0.489727246342155,-0.911050699095537,-0.379408911271917,0.0981820589297396,0.192120297300796,-0.873025400584482
-0.0937531038244068,-1.0758666779176,-0.983017358096885,0.27023782454622,-0.389318501081311,-1.07533160742104,1.41647230856737,-1.87740242687418,-2.37605522014981,-2.15386127473234,-1.34997178219239,-3.17384307024111,-2.6768859614526
-1.13304676870229,-0.075727659803888,-0.465913769736509,-0.218176693037698,-0.462624038570425,-0.794959203035456,0.0576894069577136,0.566600924816907,1.78687538587822,0.505918771599456,0.939962861806585,-0.0174700646248433,-1.28802606114892
0.147499424635391,1.51565881738917,0.706950783014231,1.66555857931783,1.46941280728957,0.0623263145917823,0.14685854284054,2.91049635423003,0.99498208467434,0.785411337361605,1.13589871233035,0.526310632994085,1.34606664335466
1.25679169366132,-0.400964086273077,0.289937172141522,-0.133213245345967,-0.210640474465547,-0.107391414282956,-0.278043576759286,0.114817659138834,0.146120424628239,0.516498524286483,1.37892885080727,0.634311608314711,1.90891630261438
0.95460276997355,0.653615816388652,0.094854554780014,-0.500337026181437,-0.182242611510615,0.10861636629893,0.856099286070889,1.33702080715328,1.19757517225383,1.9357577041239,1.27530380887179,0.70928486323239,1.545361505063
-2.16558967174233,-0.827775315548802,-0.890171982064633,0.940944278502958,0.394121437862983,-0.295082444249546,0.0449182192755757,1.3744743519286,0.565938464957795,-0.414513384684028,1.41801979885697,0.855178932415653,1.17050759238279
0.395997765370246,0.93629561238727,0.620022055379342,0.831903742873617,1.08097721910751,0.636557350783102,-0.369219990676924,-0.402695332545469,0.122927035713019,-0.329511007524642,0.437741343470136,-0.0695397158122385,0.168973049816908
1.11663307427457,0.677647843209876,-0.233106589244005,-1.49657363913858,-0.628129817350119,-0.931650986812896,-1.3867655821181,0.0392823397365388,0.792701928217809,0.166512036441033,0.0723052692987307,-0.513212544011493,-1.77478199759912
0.99811924269479,0.985574268556537,0.299424432051986,-0.52812914941726,0.00226377361954577,-0.699993339233172,0.570319561120198,-0.542959510300065,-1.24830904650135,0.0224612955862785,0.313771447672951,-1.35189963041164,-0.963980863898532
0.176128451298063,0.338465245973161,1.73098594014333,0.569948608865926,0.989160236833677,1.26476313597214,-0.641704971339554,0.968198949319228,-0.880266023597855,0.536103214904888,0.71447959767889,0.544974669080489,1.07639965813302
0.166081306739562,-1.06553723298902,0.67411937369116,0.643585934345242,-0.447932030186893,0.0259297908377767,0.168702384409305,-0.49553599858262,-0.244317455519575,-2.39885538579408,-0.471285975258511,-0.326383652438806,-0.408965014170759
0.234581959967107,1.18269311569856,-0.0254039818980297,0.387111643886825,0.0443637292519153,0.03577948315815,1.32571129653871,-0.639922708780289,0.198365716691731,-0.626064327752011,0.333150006818163,1.29795103278996,-1.33325490962522
0.412108687225516,0.655521231516038,-0.0112427681274927,1.73979874286664,0.275983748397963,0.699576572452211,-0.606606943273814,0.137305505336343,-2.44192263012829,-1.05747000936284,-2.31395045548866,-0.339060555621031,-0.585160528707842
0.820339124433616,-1.16595266179151,1.54198583871228,0.84629045779126,-0.715302979289852,1.07325545810135,1.33081501365401,-2.00346870087764,-1.43517357255734,-2.0945696884801,-0.659546940156107,-0.192964269773557,-1.12150499622574
0.646348198907697,-2.22042528401233,-0.279424366412242,-1.09971402571348,-0.578900046009886,-0.596375429530022,-0.270797692944143,0.631459549029142,0.683366996990853,0.707726983191779,-0.0825599701446652,1.0122792072435,-1.06140124167216
-0.444602388046588,-0.439248743964493,0.427085067185722,-0.229811415154538,0.783891939914361,-0.968523635467768,0.116798541604136,0.637543991863817,0.88516863435131,0.287408845769941,0.87375614235525,1.2814817333858,1.37878878518178
-0.00319798486853692,1.40882393384296,0.535550752012034,0.916232158884733,1.99443751232652,1.40138325561006,0.886705402482799,0.635052230286169,-0.809728628832329,-0.649365958908187,0.343611454104799,1.17392513370906,0.164963044033205
0.311669734456083,0.102279071435341,-0.212376975810535,-0.391748013339579,-0.519495551329119,-1.55762059856584,-0.0994977768434067,0.216818398422521,-0.483200642925744,1.01881797900467,-1.1415961096931,-0.387573292159084,-0.497875457807481
-0.514865803948231,-0.258602876472201,-0.575191633166524,0.978078401473155,1.18914122289988,-0.167566890310918,1.62040408938934,-0.529760118820566,-0.522070124415333,-0.0111511578058746,0.123243546308113,-0.238716959517085,0.124552010010137
0.293201615070929,-0.128490047552561,-0.485997629898591,-1.92667129065253,-0.934453187166539,-0.845349441068872,-0.781082397531487,0.602934229876348,0.942211621624234,0.388714951154042,1.05162611342081,1.39987408139807,1.0772264849527
-0.347663732431407,-0.348443096012164,-0.687831900848628,0.197819923438009,-0.149955398604056,-1.72747905017254,-1.03503840245612,1.97629321893657,-0.150541060698521,0.831137043265145,0.560602576289247,0.317633307693848,0.423187136973267
1.24050472754485,0.154860781159034,1.61007910197798,0.705795518484791,0.605735559631206,0.340231639997545,1.32998111238549,2.02041140164922,0.498506115508388,0.887981514714234,0.263833768069974,0.588252573570253,0.817343613960287
-1.19337238223187,0.0653801715962922,-0.361886450279479,-0.0537215713979651,-0.548475724508801,-0.392928880501437,-1.35400887737815,0.134672082278564,0.223929142113608,-0.216926682511976,-0.790421047481729,-1.88671439243755,0.62065245606423
-1.0408818395885,0.673220846361685,0.0775956163630663,1.01625124661299,0.34443606394943,0.888131110559902,-0.0257905722011693,0.391724917772506,-0.226907643125101,1.05440539090245,0.84048947981564,0.691537920716845,1.05236826533995
-1.48399494296647,0.489507758107175,-0.591088167787851,-0.849745917572736,-0.36935367965147,-0.873521736836088,0.358570987899842,0.100027211180143,-0.557847746124868,0.0528351267828489,0.198903363614686,-0.687526549742057,0.0798003989144599
-0.644148118643997,1.05215466313897,0.0453008604019804,0.606620622822178,1.38509052783275,0.602052156749402,0.213481113249103,0.378617138839302,-0.628623356085474,0.505332057831952,0.719656000724307,0.302231533103357,0.179998908244021
1.0056012575264,0.482649892011425,1.47588408234128,0.794654564060095,1.67436630837041,0.45547976400978,0.391608059678347,1.05540175392808,0.225413949776444,-0.286929834223049,0.0691363794841215,0.286802996872123,0.261894926388132
1.96676430245842,-1.04443047233648,-0.751375854709684,-0.970086013841807,-1.36469739770654,-0.588306751643789,0.490745354023522,0.108618008205378,0.437376501136881,0.540704337228345,1.59729864631621,0.0579500019853064,0.403379964486338
-0.0658080818688782,2.19114366555601,0.857192285705346,-0.0189736828951914,0.721906577383129,-0.192192959485038,0.111783371147001,1.05614986154466,-0.227909458378187,-0.0710262158087631,-0.144973846379762,-1.26941938849804,-1.09464640535411
-0.626684343666053,0.903770653742984,0.0886016335189925,0.307798511361328,0.248553805186522,-0.218856412304683,0.235551208960164,0.859571644533128,0.362507958792437,-0.163694270274963,2.46853670861725,0.76236348102579,0.961394042337343
-0.162153587071205,-0.767162288371944,0.236585405112964,-0.974962630014204,0.154626015902299,-0.353153838538391,-1.2903429301501,1.66714846686943,1.84234240952234,1.88384140693555,1.20181085792479,0.820895472579202,0.954007615185279
-1.10252700806195,-0.237128233596105,-0.608207640204554,0.733301377711606,0.764760066391627,-0.69411281179985,1.93160362864425,-0.65691841927956,-1.38347376280201,-1.30396233768611,-2.16064839698321,-2.62449614508949,-2.44395053304508
0.66655876572208,-0.157863571993455,-1.11604563870235,0.922600787633439,-0.121858776764283,-0.443960211158883,0.746285268875605,-0.710042384743257,0.741707468743523,-1.00799248351153,1.43596353199849,0.485359341192279,0.185810815818202
1.24149867210939,0.695500312015989,-0.204846898577746,0.63821295055898,1.00126548621446,0.5765216505895,0.175197632157975,0.783398137747572,-0.294228605701619,0.266977813594462,2.2244583485372,1.02960036027232,1.24780643922076
-0.683064180730765,0.0542386544346928,-0.549164626446292,0.0880573763299611,-0.9832937551998,-0.88320686103591,0.0327411738469027,-0.452954111250294,0.636761492479508,0.561551494581374,0.857835815095127,0.890836210229946,0.902051146931279
0.728360281076298,-0.480695184614316,-0.867620867427398,-1.07742495625265,-0.854045638380742,-0.140595308908325,-1.95799528496091,1.18923022233752,0.15694534266996,-0.659518214964247,0.508399895946543,0.96192439949914,1.42109450239273
0.0255244658974638,-0.964686926250565,-0.126892846341802,-0.437659911021735,-1.00986248157779,-0.660624450988816,-1.03228839535279,-0.822765467637604,-0.922515474742141,-0.786235161813761,-1.58634471363129,-1.18847911581183,-0.511820286338657
-0.245183133855249,-0.0887548887070079,-0.0380021348661651,0.668080557260447,0.293209792978485,0.221059686088613,0.1207861739926,-0.268076381149193,0.65179597616045,0.937140010505479,1.34072340403565,-0.939357494992864,0.350998931328389
0.0878349754979541,1.59399069463422,1.35313013444691,0.60800854105476,-0.132145837956668,2.0451013054756,1.6050519431749,-0.750995159644543,0.342620374121951,-0.333634438832951,0.440147371338784,-1.59369912332288,-1.74065140619128
1.31999073576607,1.52299938418109,0.22052614582632,0.560585866888963,1.82921570860502,-0.49752041412363,0.766795125289488,0.157451690953097,0.44559062912159,0.679294052212394,0.500781408008942,0.0234140935706032,0.589601568980044
1.04756160860378,0.748545409005658,1.24259963250745,0.906650807514665,1.53155364598585,1.03042098375218,1.4179507263108,0.304668980796538,1.30399921476085,1.27839848681352,0.313954434819485,0.0379384311867753,1.29134599056974
-0.555355848139458,0.309963939220323,-0.612656205947538,-1.06494230109621,-1.27869862025897,-0.260047134727325,-1.43234478911895,-1.59893652502148,-0.323617750997628,-0.145721563112857,-0.548565019011108,1.04542133761317,-0.179970969463239
-0.994837020954279,0.122883049251067,-0.667499069995742,-0.593303105157834,-0.203107190648474,-0.572268758257405,1.40992620230068,0.0562589330341447,0.135927159453536,0.611728419304307,-0.0117643137407216,0.394679102936578,-0.73169858213394
-0.0292749080888336,0.0390022561475417,1.02795751499911,1.25448715836328,1.3286490728599,0.503794806178496,0.56193030682689,-0.419845315382495,-0.0667872501739867,0.241201895069642,-0.441183344763147,-0.291068247694591,-0.651349184431602
0.46184474208667,-0.39363060377011,0.546559057795276,0.425495049562384,-0.764712144170993,-1.17274675341648,-0.498477227481751,-1.32975992117163,-1.1710422964506,-0.984266302272133,-1.68697456657186,-1.37546911365822,-1.62305286356547
0.0583884657337822,1.98750951955219,2.39419700690876,2.20447478439751,0.633773387614364,1.49234631531845,1.08009776123304,0.0649489613725602,0.118276462493576,0.219482152268737,0.272487577752884,0.66001106033611,-0.349175913504705
0.209059058144069,1.501865253221,0.514571334399039,1.71183002200618,1.99937823698717,0.616997458105681,1.67778435367692,0.288626380899999,-0.548630194784851,-0.278620693651884,-0.755485682898227,0.0508850357275469,0.597880134633136
-0.480801837682768,-1.30602922407283,1.09161671417679,0.556578715677623,-0.136327444940876,0.885255665821486,1.40292212761724,0.912157509589343,0.453742727676086,0.757450116760829,-0.320518689050024,1.28947481351273,1.27992050299538
-0.486914827941579,0.438323395713232,-0.970785300635322,0.24712340161089,0.506859135730888,0.236382482115731,0.98692828833109,-1.24831519545758,-1.71867515995466,-1.66481165582766,-0.384271380874571,-1.53167604306953,-1.12474111805561
-0.201924486449218,-0.585602314706649,-1.02540812079046,-2.05115360862101,-0.433844673891118,-1.27277277360808,-0.483252998419224,-0.00324666572268656,-0.101639370735985,-0.585254524470339,0.309340252271948,-0.690791154255769,-1.25764926606888
0.996542289054043,1.11935657693321,-0.341146738683008,-1.13039312883198,-0.807178093257296,-0.560317334617755,-1.60010984162313,-0.0546663545536672,-0.144013634133305,1.48886082706045,1.62162131085272,0.585214195511004,0.453429876191186
0.0804221396434818,0.556419353709368,0.419332733719777,-1.06594218552975,-0.455437152977867,-0.448107220968571,-0.107008213672644,1.81246107126431,1.38194040205011,1.99753396866053,1.65783725288682,1.99076540274908,2.2792434498164
-0.84214218335667,1.07316598000275,0.22753550118029,-1.1670480598106,-0.266393215538767,0.00975378907802756,0.1407676050871,-0.497944279168934,1.16167726199176,-0.0735805915918956,0.203079876899908,0.726820482397386,1.65054624463331
-1.25559998192391,-0.421139870292242,0.457718570631937,0.745280077212792,-0.557647928570513,-0.372799036259203,0.507948073585404,0.486803541843737,0.20535232970862,0.533928942159833,-0.627988522767796,0.311784138178398,0.537678285163187
0.886731503999648,0.0942748052989734,-0.551551502240347,-0.92328874222817,-0.363375180317323,-0.426549577493258,-0.877468003426145,1.22052470966559,0.536129151679739,2.122403118376,1.3460997648347,0.590513039740167,0.890057084660766
0.31762989324989,-1.83952943129616,-1.38303811218518,-0.460625987474156,-0.25651086124429,-1.12527235297507,-0.530565293685503,0.0338406430190286,-0.485892958083899,-0.577008006712005,-1.19862362168678,-1.2528759060914,-1.17927776148001
1.33936860834256,0.632918933938473,0.732775928022542,0.142680269911203,0.768751166662273,-0.224006120626607,0.979104025408391,0.309022118789902,0.290816482412803,-0.649548790336996,-1.34149541235548,-1.67378462940653,1.11759913525475
1.11120800735343,0.43758910539004,1.01682938140199,0.591288960619425,1.70984453135105,0.840316578734671,-0.324854982010209,-0.502982184588387,-0.80618869308677,0.174812800142333,-0.504662444205379,0.150804654992356,-0.11722346716368
0.337925821162826,0.360424421194391,0.142998842766192,0.949752732189222,0.579403110048053,1.76428408662555,-0.0356604595255159,-0.920622666286503,-1.72046616052221,-0.647595652749908,-1.3644522884797,-0.800173881679051,-0.0815670014569386
-0.113236531797658,1.00592908327651,0.42510062731374,1.06139632221285,0.476580826014889,0.866877171574794,0.744451890873633,0.0522660736866928,0.428875058951934,0.535785096542841,-1.14958068041928,0.0483890144608609,-0.959145523152383
0.481012855748148,0.153545855991787,-0.364071005031159,-0.107955738016795,0.927026036947289,-0.849652308070594,-0.613743667942261,0.459037927582675,0.67587637280639,1.6786114014587,-0.885687541192448,1.26548913142105,0.795624337038158
0.218711319982208,0.153263560953892,1.29352334563709,1.57106359057829,2.35751160047381,1.30242541543047,1.14914996612246,1.17049166971084,-0.599909455252693,0.471316289320548,-0.187730382238237,0.416707446211482,0.294734094081758
0.196087023913698,-0.126142067962511,-1.20343404637416,0.126535384567183,0.653347266590673,-0.18154052288989,0.132910010041777,-0.685067080659284,-0.840563104560877,-0.845659121004214,-0.694357794409656,-2.65530141631049,-1.60873837939649
-0.621280374684004,-1.30964329813626,-0.451120650291208,-1.01454147356203,-0.627124882226164,-0.0954745002231537,-1.22145183494376,-0.643960778909294,1.1972357417029,0.399471651771798,2.65249985934406,0.766020776724685,0.985199386339432
1.11767176002828,0.994956335641285,0.648006307449636,1.0212021915739,-0.30525372503572,1.00695173975428,0.488393467847434,-0.349093312636673,0.134099368587444,-1.49998089830614,-0.705483727486943,-0.901008650900964,1.10422432870412
-0.343248686528718,0.398525712928814,1.00681068597948,1.83504385937945,1.66803480080682,1.72825673434995,-0.768236245414598,0.430191466710328,0.502395196431768,1.64075160978569,-0.568950437221406,-1.2259455490599,-0.722443235200932
-1.33354300108402,0.63410602900358,0.139292840104361,-0.313111217158593,-0.289092860390283,-0.057367863982852,0.558586826371273,1.772650952989,1.10983970947065,1.14117008878507,1.55670496820664,0.770944022873757,0.593122894937256
1.00081113000361,-0.64839091383549,-1.37581770933772,-0.449882775154462,-0.945077023885656,0.444682396018555,-0.690711257049927,0.240977341896827,-0.0455208373710133,1.18947300878123,-0.171607345465307,1.48823180260017,0.435107917791383
0.729504082836589,-1.79037788927713,-0.769263960984683,0.551469266473827,-0.569498683790153,0.320567837443956,-0.472189205599742,-0.0252643339451272,-1.17762901197896,-0.644913467351409,-1.91549630611275,0.214050430297786,0.0410806925654017
-1.57395216602109,-0.567785795367242,0.439548154999736,1.15990249282756,0.551728076444828,-1.13298036916457,-0.519063839466345,-1.85904462735058,-2.22961728469835,-1.40784235134927,-1.37529852780964,-1.62311640756777,-1.23240192593013
-1.49294992232823,0.430523166467004,-0.027090973607759,-0.718672515443716,0.172204777510927,-0.751924018929615,0.190608011727301,-0.493658054315926,0.732117835867902,-0.572415092892056,-1.44020614083255,-0.56770440498832,-0.238865005589423
-2.47599477771892,-0.602036191628314,0.223066864029381,-0.256934170034095,-0.949654670405795,-0.637679915778011,-0.732968386813795,1.25662908875817,0.400851659226768,0.439449250376813,-0.471172880486292,0.487853809550187,-0.494312112082111
0.327546784246799,1.99431932216928,1.89647382665706,2.20360917685477,1.24620372260543,0.61323098705737,1.69596234489813,0.60230708480805,-0.118174798458858,-1.05510851679868,0.310963566045848,-0.574468095021853,-0.0261539936008782
-0.319553947511366,-0.639348262221646,-0.624549892219987,0.364294065057329,-1.00501286082234,-0.572197027179504,-0.259028253709395,0.511588636422096,0.179590650927497,0.525774802201642,-0.401647047618923,0.0723497969264656,1.64280805476796
-0.369579637717163,-1.66418461861386,-1.8883834658882,-0.960552170199159,-0.741444401978801,-1.58030255728854,-1.36607188294369,0.295412052577442,0.483576274959326,1.13632943951407,0.744127056820607,0.20938977266577,-0.0199257240181283
-0.553625103893116,0.752956663887494,0.0782137245780463,1.23723915321456,1.15551613675823,0.597946222149658,0.693167234101795,-0.38787232832099,0.437412246672061,1.17958054214674,0.671390737288532,-0.0123897430036812,0.800906237985678
1.2771457308288,0.627740862604674,1.42997966143667,-0.284526013022043,0.0486596590982187,1.04197167319843,1.82165700142348,-0.222799935882377,-1.45931066737223,-0.792716257571904,0.222392064878974,0.26636018784377,0.197513052909005
-0.302337172648709,-1.09148007705701,-1.21594292471952,-1.53819525015272,-0.444973059496467,-0.989540460729875,-1.12415823828305,0.748272253075645,0.897610080100444,-1.24384200904887,1.11269021871375,0.0674755187384025,-0.148558110914702
1.27072850497058,-0.513986160081785,-0.660036364605426,-1.29013834807355,-0.316974664734907,0.388395723765574,-0.808617052687343,0.730500315857463,0.869137776576233,0.720175543489979,1.58934426715105,1.983554453573,0.18947010740844
