"item","item_title","ega_orig","walktrap_typical"
"NATENVIR","Natenvir",1,2
"NATHEAL","Natheal",1,2
"NATCITY","Natcity",1,2
"NATCRIME","Natcrime",1,2
"NATDRUG","Natdrug",1,2
"NATEDUC","Nateduc",1,2
"NATRACE","Natrace",1,2
"NATARMS","Natarms",2,3
"NATAID","Nataid",1,2
"NATFARE","Natfare",1,2
"COURTS","Courts",1,3
"ATTEND","Attend",2,3
"RELITEN","Reliten",2,3
"HAPPY","Happy",3,4
"HAPMAR","Hapmar",3,4
"HEALTH","Health",3,4
"LIFE","Life",3,4
"HELPFUL","Helpful",3,4
"FAIR","Fair",3,4
"TRUST","Trust",3,4
"CONFINAN","Confinan",4,1
"CONBUS","Conbus",4,1
"CONCLERG","Conclerg",2,1
"CONEDUC","Coneduc",4,1
"CONFED","Confed",4,1
"CONLABOR","Conlabor",4,1
"CONPRESS","Conpress",4,1
"CONMEDIC","Conmedic",4,1
"CONTV","Contv",4,1
"CONJUDGE","Conjudge",4,1
"CONSCI","Consci",4,1
"CONLEGIS","Conlegis",4,1
"CONARMY","Conarmy",4,1
"AGED","Aged",1,2
"SATJOB","Satjob",3,4
"FINALTER","Finalter",3,4
"FINRELA","Finrela",3,4
"GETAHEAD","Getahead",2,3
"DIVLAW","Divlaw",2,3
"PREMARSX","Premarsx",2,3
"XMARSEX","Xmarsex",2,3
"HOMOSEX","Homosex",2,3
"PORNLAW","Pornlaw",2,3
"NEWS","News",3,4
