year,MobilityLag,Natenvir,Natheal,Natcity,Natcrime,Natdrug,Nateduc,Natrace,Natarms,Nataid,Natfare,Courts,Attend,Reliten,Happy,Hapmar,Health,Life,Helpful,Fair,Trust,Confinan,Conbus,Conclerg,Coneduc,Confed,Conlabor,Conpress,Conmedic,Contv,Conjudge,Consci,Conlegis,Conarmy,Aged,Satjob,Finalter,Finrela,Getahead,Divlaw,Premarsx,Xmarsex,Homosex,Pornlaw,News,NatenvirLag,NathealLag,NatcityLag,NatcrimeLag,NatdrugLag,NateducLag,NatraceLag,NatarmsLag,NataidLag,NatfareLag,CourtsLag,AttendLag,RelitenLag,HappyLag,HapmarLag,HealthLag,LifeLag,HelpfulLag,FairLag,TrustLag,ConfinanLag,ConbusLag,ConclergLag,ConeducLag,ConfedLag,ConlaborLag,ConpressLag,ConmedicLag,ContvLag,ConjudgeLag,ConsciLag,ConlegisLag,ConarmyLag,AgedLag,SatjobLag,FinalterLag,FinrelaLag,GetaheadLag,DivlawLag,PremarsxLag,XmarsexLag,HomosexLag,PornlawLag,NewsLag
1972,,1.43099787685775,1.41868512110727,1.59135708870356,1.36156583629893,1.36097212294496,1.58228730822873,1.8830242510699,2.28429282160625,2.69880365939479,2.33030726256983,2.66922005571031,4.330625,2.19453924914676,1.86239103362391,1.34794776119403,2.00620347394541,1.59636118598383,1.99433606041536,2.25879396984925,2.04070131496556,1.78531855955679,1.80214285714286,1.80374479889043,1.70827679782904,1.88835942818244,2.10607117934403,1.91469194312796,1.51214574898785,2.03310810810811,1.8341395991707,1.66371027346637,1.91152263374486,1.83939601921757,2.26488294314381,1.69703389830508,1.74905660377358,2.88930581613508,1.44316644113667,2.10826210826211,2.42160052049447,1.50234741784038,1.55892731122089,1.66780122532335,1.60583488516449,,,,,,,,,,,,,,,,,,,,,,,,,,,,,,,,,,,,,,,,,,,,
1973,17.7,1.43099787685775,1.41868512110727,1.59135708870356,1.36156583629893,1.36097212294496,1.58228730822873,1.8830242510699,2.28429282160625,2.69880365939479,2.33030726256983,2.75516224188791,3.96521739130435,2.18348015405259,1.772,1.34794776119403,2.03333333333333,1.59636118598383,2.0247160988644,2.2,2.05003335557038,1.7029813011833,1.80214285714286,1.80374479889043,1.70827679782904,1.88835942818244,2.10607117934403,1.91469194312796,1.51214574898785,2.03310810810811,1.8341395991707,1.66371027346637,1.91152263374486,1.83939601921757,2.26488294314381,1.67221735319895,1.74076607387141,2.94034852546917,1.44316644113667,2.18494893888849,2.4564297378195,1.50234741784038,1.55892731122089,1.66780122532335,1.63181927227638,1.43099787685775,1.41868512110727,1.59135708870356,1.36156583629893,1.36097212294496,1.58228730822873,1.8830242510699,2.28429282160625,2.69880365939479,2.33030726256983,2.66922005571031,4.330625,2.19453924914676,1.86239103362391,1.34794776119403,2.00620347394541,1.59636118598383,1.99433606041536,2.25879396984925,2.04070131496556,1.78531855955679,1.80214285714286,1.80374479889043,1.70827679782904,1.88835942818244,2.10607117934403,1.91469194312796,1.51214574898785,2.03310810810811,1.8341395991707,1.66371027346637,1.91152263374486,1.83939601921757,2.26488294314381,1.69703389830508,1.74905660377358,2.88930581613508,1.44316644113667,2.10826210826211,2.42160052049447,1.50234741784038,1.55892731122089,1.66780122532335,1.60583488516449
1974,17.4279153945474,1.45065312046444,1.38499298737728,1.54372019077901,1.34875444839858,1.43338108882521,1.56205923836389,1.89050036258158,2.15144927536232,2.75527426160338,2.20745428973277,2.77521613832853,4.0641458474004,2.19453924914676,1.75202702702703,1.34372049102927,2.00675675675676,1.6123439667129,1.8322003010775,2.27691651062111,2.14094043290381,1.6574887462534,1.82517482517483,1.65793103448276,1.58493150684932,2.28689655172414,2.07430555555556,1.91524265208476,1.43219178082192,1.93784153005464,1.80282685512368,1.57099697885196,2.03899721448468,1.73130193905817,2.23128387261686,1.71381847914963,1.82157394843962,2.91989137813985,1.46625344352617,2.10826210826211,2.51994401679496,1.42397260273973,1.62013225569434,1.70033238683354,1.64833817881525,1.43099787685775,1.41868512110727,1.59135708870356,1.36156583629893,1.36097212294496,1.58228730822873,1.8830242510699,2.28429282160625,2.69880365939479,2.33030726256983,2.75516224188791,3.96521739130435,2.18348015405259,1.772,1.34794776119403,2.03333333333333,1.59636118598383,2.0247160988644,2.2,2.05003335557038,1.7029813011833,1.80214285714286,1.80374479889043,1.70827679782904,1.88835942818244,2.10607117934403,1.91469194312796,1.51214574898785,2.03310810810811,1.8341395991707,1.66371027346637,1.91152263374486,1.83939601921757,2.26488294314381,1.67221735319895,1.74076607387141,2.94034852546917,1.44316644113667,2.18494893888849,2.4564297378195,1.50234741784038,1.55892731122089,1.66780122532335,1.63181927227638
1975,17.2996032207776,1.5343347639485,1.40070175438597,1.57937147461724,1.36214285714286,1.49416058394161,1.60492957746479,1.96793002915452,2.15428983417448,2.7111581920904,2.20498220640569,2.80710659898477,3.98386012104909,2.1849082256968,1.8020202020202,1.35276381909548,2.01947615849563,1.58789824656099,1.80337837837838,2.31368563685637,2.16644113667118,1.78531855955679,2.01998572448251,1.96762589928058,1.81532147742818,2.16620689655172,2.20531227566403,1.93828016643551,1.56723549488055,2.04686423156444,1.87262491203378,1.65060240963855,2.1218836565097,1.78067700987306,2.22635135135135,1.63090128755365,1.93103448275862,2.8809201623816,1.50555466936069,2.18829337094499,2.58654519971969,1.51506638747419,1.69750187153687,1.69952413324269,1.66532258064516,1.45065312046444,1.38499298737728,1.54372019077901,1.34875444839858,1.43338108882521,1.56205923836389,1.89050036258158,2.15144927536232,2.75527426160338,2.20745428973277,2.77521613832853,4.0641458474004,2.19453924914676,1.75202702702703,1.34372049102927,2.00675675675676,1.6123439667129,1.8322003010775,2.27691651062111,2.14094043290381,1.6574887462534,1.82517482517483,1.65793103448276,1.58493150684932,2.28689655172414,2.07430555555556,1.91524265208476,1.43219178082192,1.93784153005464,1.80282685512368,1.57099697885196,2.03899721448468,1.73130193905817,2.23128387261686,1.71381847914963,1.82157394843962,2.91989137813985,1.46625344352617,2.10826210826211,2.51994401679496,1.42397260273973,1.62013225569434,1.70033238683354,1.64833817881525
1976,17.2606951052214,1.52350877192982,1.42539902845246,1.73823975720789,1.39065817409766,1.45107913669065,1.57902001380262,1.97844827586207,2.0336917562724,2.75243393602225,2.48705388383485,2.82775800711744,3.92225201072386,2.21934604904632,1.78452301534356,1.35560123329908,2.02336448598131,1.58915254237288,2.07367716008038,2.23138832997988,2.0742474916388,1.69711538461538,1.99717514124294,1.86828919112384,1.77450308430432,2.11939268461008,2.23255813953488,1.88995215311005,1.54551630434783,2.08674863387978,1.78749111584932,1.59969558599696,2.12096219931271,1.72480343102216,2.12323232323232,1.65991561181435,1.86805090421969,2.8322102425876,1.50572390572391,2.23587570621469,2.62472995884406,1.51322033898305,1.69635343618513,1.67372013651877,1.69363593739411,1.5343347639485,1.40070175438597,1.57937147461724,1.36214285714286,1.49416058394161,1.60492957746479,1.96793002915452,2.15428983417448,2.7111581920904,2.20498220640569,2.80710659898477,3.98386012104909,2.1849082256968,1.8020202020202,1.35276381909548,2.01947615849563,1.58789824656099,1.80337837837838,2.31368563685637,2.16644113667118,1.78531855955679,2.01998572448251,1.96762589928058,1.81532147742818,2.16620689655172,2.20531227566403,1.93828016643551,1.56723549488055,2.04686423156444,1.87262491203378,1.65060240963855,2.1218836565097,1.78067700987306,2.22635135135135,1.63090128755365,1.93103448275862,2.8809201623816,1.50555466936069,2.18829337094499,2.58654519971969,1.51506638747419,1.69750187153687,1.69952413324269,1.66532258064516
1977,17.7,1.60678925035361,1.48762035763411,1.75667429443173,1.36268343815514,1.49716312056738,1.60585432266848,1.99429386590585,1.99145299145299,2.67417311752287,2.49827467218772,2.84268884268884,3.9750164365549,2.21333333333333,1.77079240340537,1.38134715025907,2.0248853962017,1.62366310160428,1.97338224191741,2.27044893647243,2.11351127194132,1.66310873915944,1.84505119453925,1.7064406779661,1.6792328042328,1.86120514556534,2.17610921501706,1.90154052243804,1.54141815772034,2.07789613848202,1.74109589041096,1.6143977191732,1.97971602434077,1.73139377537212,2.13864737263954,1.68225039619651,1.8345418589321,2.87203166226913,1.4934036939314,2.19917298414886,2.65023632680621,1.43443708609272,1.65381968341363,1.63728630355401,1.74787164374591,1.52350877192982,1.42539902845246,1.73823975720789,1.39065817409766,1.45107913669065,1.57902001380262,1.97844827586207,2.0336917562724,2.75243393602225,2.48705388383485,2.82775800711744,3.92225201072386,2.21934604904632,1.78452301534356,1.35560123329908,2.02336448598131,1.58915254237288,2.07367716008038,2.23138832997988,2.0742474916388,1.69711538461538,1.99717514124294,1.86828919112384,1.77450308430432,2.11939268461008,2.23255813953488,1.88995215311005,1.54551630434783,2.08674863387978,1.78749111584932,1.59969558599696,2.12096219931271,1.72480343102216,2.12323232323232,1.65991561181435,1.86805090421969,2.8322102425876,1.50572390572391,2.23587570621469,2.62472995884406,1.51322033898305,1.69635343618513,1.67372013651877,1.69363593739411
1978,17.2336175548728,1.54765193370166,1.49490142760027,1.77211394302849,1.39109589041096,1.51101928374656,1.57676630434783,2.00988002822865,1.94409058740269,2.66481994459834,2.47046843177189,2.86809392265193,3.8762278978389,2.27770448548813,1.75214238628873,1.37421383647799,2.01531660408608,1.60873736211234,1.75640183847669,2.34917491749175,2.17670157068063,1.78500331785003,1.94113620807666,1.87057220708447,1.86463171864632,2.12778904665314,2.28068965517241,1.99600266489007,1.62838283828383,2.17556742323097,1.85871056241427,1.68451106352605,2.08248816768087,1.82676630434783,2.13761467889908,1.66640625,1.77260812581914,2.89888378200919,1.4342876802381,2.15491009681881,2.68473895582329,1.43312728258254,1.62658505013486,1.63696369636964,1.83180628272251,1.60678925035361,1.48762035763411,1.75667429443173,1.36268343815514,1.49716312056738,1.60585432266848,1.99429386590585,1.99145299145299,2.67417311752287,2.49827467218772,2.84268884268884,3.9750164365549,2.21333333333333,1.77079240340537,1.38134715025907,2.0248853962017,1.62366310160428,1.97338224191741,2.27044893647243,2.11351127194132,1.66310873915944,1.84505119453925,1.7064406779661,1.6792328042328,1.86120514556534,2.17610921501706,1.90154052243804,1.54141815772034,2.07789613848202,1.74109589041096,1.6143977191732,1.97971602434077,1.73139377537212,2.13864737263954,1.68225039619651,1.8345418589321,2.87203166226913,1.4934036939314,2.19917298414886,2.65023632680621,1.43443708609272,1.65381968341363,1.63728630355401,1.74787164374591
1979,17.133722390024,1.64937629289239,1.51092887515086,1.79342214461922,1.35062596921314,1.44064399856604,1.56151914908914,2.01328862930695,1.51874281836062,2.68468978460501,2.46806863552471,2.8729612688388,3.90715418816111,2.158912771366,1.76210573928176,1.34907305594089,2.00437011284728,1.59577765301541,1.82503904937399,2.32742343034455,2.11209193214341,1.8743035600565,1.86824302819171,1.83073139107648,1.83716463110966,2.24483681339337,2.1720260745521,1.95723156630808,1.54623942724406,2.12851069030421,1.95218010284333,1.61214683440758,2.25653115175511,1.88233277842947,2.03339972495431,1.69463426541679,1.80744464490781,2.91592673015027,1.4380637254715,2.14918985475266,2.72246836040688,1.46528223882429,1.62206565945038,1.6506915433242,1.90919914199153,1.54765193370166,1.49490142760027,1.77211394302849,1.39109589041096,1.51101928374656,1.57676630434783,2.00988002822865,1.94409058740269,2.66481994459834,2.47046843177189,2.86809392265193,3.8762278978389,2.27770448548813,1.75214238628873,1.37421383647799,2.01531660408608,1.60873736211234,1.75640183847669,2.34917491749175,2.17670157068063,1.78500331785003,1.94113620807666,1.87057220708447,1.86463171864632,2.12778904665314,2.28068965517241,1.99600266489007,1.62838283828383,2.17556742323097,1.85871056241427,1.68451106352605,2.08248816768087,1.82676630434783,2.13761467889908,1.66640625,1.77260812581914,2.89888378200919,1.4342876802381,2.15491009681881,2.68473895582329,1.43312728258254,1.62658505013486,1.63696369636964,1.83180628272251
1980,16.8474265825319,1.65557163531114,1.5088841506752,1.78638497652582,1.34285714285714,1.43828529194383,1.55698005698006,1.99703043801039,1.52043795620438,2.68322534197264,2.45039257673091,2.84905660377358,4.0041067761807,2.2083044982699,1.79411764705882,1.34920634920635,2.00954979536153,1.59644322845417,1.97527472527473,2.26,2.05201916495551,1.83134223471539,1.86219336219336,1.81831085876508,1.82242339832869,2.2295197740113,2.15496017378711,1.95154494382022,1.5439446366782,2.11858529819695,1.94569152787835,1.61119515885023,2.25355113636364,1.88051209103841,2.02898550724638,1.75361155698234,1.91039671682627,2.88308115543329,1.44360385144429,2.19655871517647,2.75369982216104,1.46745152354571,1.61989978525412,1.65111420612813,1.95997975919035,1.64937629289239,1.51092887515086,1.79342214461922,1.35062596921314,1.44064399856604,1.56151914908914,2.01328862930695,1.51874281836062,2.68468978460501,2.46806863552471,2.8729612688388,3.90715418816111,2.158912771366,1.76210573928176,1.34907305594089,2.00437011284728,1.59577765301541,1.82503904937399,2.32742343034455,2.11209193214341,1.8743035600565,1.86824302819171,1.83073139107648,1.83716463110966,2.24483681339337,2.1720260745521,1.95723156630808,1.54623942724406,2.12851069030421,1.95218010284333,1.61214683440758,2.25653115175511,1.88233277842947,2.03339972495431,1.69463426541679,1.80744464490781,2.91592673015027,1.4380637254715,2.14918985475266,2.72246836040688,1.46528223882429,1.62206565945038,1.6506915433242,1.90919914199153
1981,16.5350406100474,1.57566810725561,1.44703762516684,1.66496564371138,1.29409171513999,1.46201596258414,1.45695065468684,1.74819349096142,2.03234581316441,2.67184318627396,2.15688255490225,2.80862503174188,4.01709101114405,2.1868101691524,1.82599243910209,1.38647064256284,2.03699197231722,1.63457343193273,1.94197921294906,2.22938609399064,2.13626928869443,1.86381979771227,1.92936739865307,1.80782204436345,1.75985344781872,2.08868303849049,2.12896376496175,2.00030427355897,1.62531227887197,2.08717726067058,1.82694300010483,1.69555501720126,2.11160349966683,1.84834239397593,2.06457974301136,1.79635991280642,1.99732156187745,2.77930305224042,1.55004998819591,2.27072494108215,2.76948350309485,1.43949038797275,1.58571617219668,1.63449613023934,1.97105755830526,1.65557163531114,1.5088841506752,1.78638497652582,1.34285714285714,1.43828529194383,1.55698005698006,1.99703043801039,1.52043795620438,2.68322534197264,2.45039257673091,2.84905660377358,4.0041067761807,2.2083044982699,1.79411764705882,1.34920634920635,2.00954979536153,1.59644322845417,1.97527472527473,2.26,2.05201916495551,1.83134223471539,1.86219336219336,1.81831085876508,1.82242339832869,2.2295197740113,2.15496017378711,1.95154494382022,1.5439446366782,2.11858529819695,1.94569152787835,1.61119515885023,2.25355113636364,1.88051209103841,2.02898550724638,1.75361155698234,1.91039671682627,2.88308115543329,1.44360385144429,2.19655871517647,2.75369982216104,1.46745152354571,1.61989978525412,1.65111420612813,1.95997975919035
1982,17.2,1.56408775981524,1.44463373083475,1.66666666666667,1.30090497737557,1.46068724519511,1.45200892857143,1.75609756097561,2.06731875719217,2.68013659647126,2.16024915062288,2.80817253121453,3.99891716296697,2.14515235457064,1.83935309973046,1.39347604485219,2.04736275565124,1.63483450895279,1.82190309253651,2.23381858244013,2.25036190240526,1.90199335548173,1.93451025056948,1.82097044060234,1.77062706270627,2.09544950055494,2.15789473684211,2.01883656509695,1.6204259967231,2.09659714599341,1.82837913628716,1.69230769230769,2.10785398230089,1.84709141274238,2.021900578705,1.76005361930295,2.00865332612223,2.75354416575791,1.55397260273973,2.22120343839542,2.76086956521739,1.43712246018671,1.58667419536985,1.62775041035998,1.92934196332255,1.57566810725561,1.44703762516684,1.66496564371138,1.29409171513999,1.46201596258414,1.45695065468684,1.74819349096142,2.03234581316441,2.67184318627396,2.15688255490225,2.80862503174188,4.01709101114405,2.1868101691524,1.82599243910209,1.38647064256284,2.03699197231722,1.63457343193273,1.94197921294906,2.22938609399064,2.13626928869443,1.86381979771227,1.92936739865307,1.80782204436345,1.75985344781872,2.08868303849049,2.12896376496175,2.00030427355897,1.62531227887197,2.08717726067058,1.82694300010483,1.69555501720126,2.11160349966683,1.84834239397593,2.06457974301136,1.79635991280642,1.99732156187745,2.77930305224042,1.55004998819591,2.27072494108215,2.76948350309485,1.43949038797275,1.58571617219668,1.63449613023934,1.97105755830526
1983,17.0,1.50870147255689,1.45721750489876,1.7006554989075,1.35305719921105,1.42866622428666,1.4410621761658,1.87767795438839,2.08831341301461,2.7375745526839,2.26274509803922,2.85629921259843,4.05203761755486,2.18869123252859,1.81627463445645,1.40790842872008,2.0096922862353,1.58633655074083,1.80226700251889,2.25047318611987,2.21625,1.92120435618193,1.8914323086985,1.88707571801567,1.84163473818646,2.17152103559871,2.32854343566297,2.10230179028133,1.53811944091487,2.15964240102171,1.86375488917862,1.61327077747989,2.1378640776699,1.83139534883721,1.99372253609542,1.68492123030758,1.91921119592875,2.87428571428571,1.48941286731204,2.2992125984252,2.73862908392056,1.43495804113692,1.62831219551436,1.62833545108005,1.85803627267042,1.56408775981524,1.44463373083475,1.66666666666667,1.30090497737557,1.46068724519511,1.45200892857143,1.75609756097561,2.06731875719217,2.68013659647126,2.16024915062288,2.80817253121453,3.99891716296697,2.14515235457064,1.83935309973046,1.39347604485219,2.04736275565124,1.63483450895279,1.82190309253651,2.23381858244013,2.25036190240526,1.90199335548173,1.93451025056948,1.82097044060234,1.77062706270627,2.09544950055494,2.15789473684211,2.01883656509695,1.6204259967231,2.09659714599341,1.82837913628716,1.69230769230769,2.10785398230089,1.84709141274238,2.021900578705,1.76005361930295,2.00865332612223,2.75354416575791,1.55397260273973,2.22120343839542,2.76086956521739,1.43712246018671,1.58667419536985,1.62775041035998,1.92934196332255
1984,16.6,1.431330472103,1.46666666666667,1.63507109004739,1.34754797441365,1.40471092077088,1.38736842105263,1.7956043956044,2.21535181236674,2.69264069264069,2.16348195329087,2.82176091624911,4.14383561643836,2.08605135322693,1.78200692041522,1.37454545454545,1.9719370294319,1.58179329226557,1.92297205180641,2.27675528289025,2.01642710472279,1.78488982161595,1.77191129883844,1.87301587301587,1.81903765690377,2.10377358490566,2.28197064989518,2.05526590198123,1.54855371900826,2.15440414507772,1.78366914103924,1.58478260869565,2.09299895506792,1.76105263157895,1.86086360520905,1.80049668874172,1.82751540041068,2.86789869952088,1.48115147361206,2.28781274700892,2.76113781288679,1.42857142857143,1.62747875354108,1.63070539419087,1.87382080172103,1.50870147255689,1.45721750489876,1.7006554989075,1.35305719921105,1.42866622428666,1.4410621761658,1.87767795438839,2.08831341301461,2.7375745526839,2.26274509803922,2.85629921259843,4.05203761755486,2.18869123252859,1.81627463445645,1.40790842872008,2.0096922862353,1.58633655074083,1.80226700251889,2.25047318611987,2.21625,1.92120435618193,1.8914323086985,1.88707571801567,1.84163473818646,2.17152103559871,2.32854343566297,2.10230179028133,1.53811944091487,2.15964240102171,1.86375488917862,1.61327077747989,2.1378640776699,1.83139534883721,1.99372253609542,1.68492123030758,1.91921119592875,2.87428571428571,1.48941286731204,2.2992125984252,2.73862908392056,1.43495804113692,1.62831219551436,1.62833545108005,1.85803627267042
1985,17.3,1.49651324965132,1.47042640990371,1.74130105900151,1.4025069637883,1.41118881118881,1.43093922651934,1.88555078683834,2.26731301939058,2.6100278551532,2.27121001390821,2.83582089552239,3.99934640522876,2.16272788656313,1.82745098039216,1.46813441483198,1.97254901960784,1.58536585365854,1.83296404259862,2.34066646821643,2.0809088885039,1.84960884996872,1.85157600180629,1.97021789727482,1.84686973488999,2.01635586142492,2.34704271053864,2.0745916710377,1.6196056605949,2.12708477316067,1.84245736681129,1.66927125047971,2.0466131811516,1.81418086356524,2.0877718584681,1.70931174089069,1.83104125736739,2.86793692509855,1.48111332007952,2.31262798634812,2.78137651821862,1.39417989417989,1.59029649595687,1.5958177064371,1.92287581699346,1.431330472103,1.46666666666667,1.63507109004739,1.34754797441365,1.40471092077088,1.38736842105263,1.7956043956044,2.21535181236674,2.69264069264069,2.16348195329087,2.82176091624911,4.14383561643836,2.08605135322693,1.78200692041522,1.37454545454545,1.9719370294319,1.58179329226557,1.92297205180641,2.27675528289025,2.01642710472279,1.78488982161595,1.77191129883844,1.87301587301587,1.81903765690377,2.10377358490566,2.28197064989518,2.05526590198123,1.54855371900826,2.15440414507772,1.78366914103924,1.58478260869565,2.09299895506792,1.76105263157895,1.86086360520905,1.80049668874172,1.82751540041068,2.86789869952088,1.48115147361206,2.28781274700892,2.76113781288679,1.42857142857143,1.62747875354108,1.63070539419087,1.87382080172103
1986,20.2,1.42375366568915,1.43447293447293,1.69585253456221,1.38095238095238,1.45611510791367,1.41985815602837,1.80780780780781,2.25470332850941,2.67048710601719,2.18857142857143,2.85360678925035,4.08867667121419,2.16924208977189,1.79089026915114,1.4029304029304,1.96104161566083,1.60656705792076,1.82716049382716,2.28914835164835,2.22169167803547,1.96458333333333,1.85613040396882,1.95695130557516,1.82756232686981,2.03083391730904,2.33116883116883,2.07301808066759,1.6109191430546,2.1307371349096,1.83772241992883,1.66932559825961,2.04201680672269,1.81735479356193,2.06438356164384,1.65060240963855,1.81027397260274,2.87320082248115,1.5138863303974,2.26065340909091,2.75789473684211,1.43089315202485,1.5195505785105,1.60618556701031,1.92983651226158,1.49651324965132,1.47042640990371,1.74130105900151,1.4025069637883,1.41118881118881,1.43093922651934,1.88555078683834,2.26731301939058,2.6100278551532,2.27121001390821,2.83582089552239,3.99934640522876,2.16272788656313,1.82745098039216,1.46813441483198,1.97254901960784,1.58536585365854,1.83296404259862,2.34066646821643,2.0809088885039,1.84960884996872,1.85157600180629,1.97021789727482,1.84686973488999,2.01635586142492,2.34704271053864,2.0745916710377,1.6196056605949,2.12708477316067,1.84245736681129,1.66927125047971,2.0466131811516,1.81418086356524,2.0877718584681,1.70931174089069,1.83104125736739,2.86793692509855,1.48111332007952,2.31262798634812,2.78137651821862,1.39417989417989,1.59029649595687,1.5958177064371,1.92287581699346
1987,18.6,1.35149384885764,1.30899830220713,1.64313725490196,1.32229965156794,1.34648370497427,1.38290598290598,1.65647482014388,2.28947368421053,2.63001745200698,2.14084507042254,2.78375219170076,4.1312292358804,2.11867266591676,1.84325842696629,1.39491150442478,1.96971365638767,1.60621468926554,2.08208541320022,2.11997767857143,2.19247787610619,1.8630214205186,1.81156069364162,1.88882554161916,1.72011173184358,2.12228571428571,2.2019906323185,2.03900508762012,1.53794642857143,2.14766984839978,1.75115207373272,1.62790697674419,2.02798400913764,1.78449258836944,1.82398667406996,1.80750521195275,1.79634753735473,2.84315906562848,1.50389321468298,2.2579339569643,2.76331329553615,1.41311659192825,1.51428571428571,1.66161616161616,1.92932081722805,1.42375366568915,1.43447293447293,1.69585253456221,1.38095238095238,1.45611510791367,1.41985815602837,1.80780780780781,2.25470332850941,2.67048710601719,2.18857142857143,2.85360678925035,4.08867667121419,2.16924208977189,1.79089026915114,1.4029304029304,1.96104161566083,1.60656705792076,1.82716049382716,2.28914835164835,2.22169167803547,1.96458333333333,1.85613040396882,1.95695130557516,1.82756232686981,2.03083391730904,2.33116883116883,2.07301808066759,1.6109191430546,2.1307371349096,1.83772241992883,1.66932559825961,2.04201680672269,1.81735479356193,2.06438356164384,1.65060240963855,1.81027397260274,2.87320082248115,1.5138863303974,2.26065340909091,2.75789473684211,1.43089315202485,1.5195505785105,1.60618556701031,1.92983651226158
1988,18.6,1.37080291970803,1.35260115606936,1.58059210526316,1.32547864506627,1.33574529667149,1.37790697674419,1.79541984732824,2.23958333333333,2.66126656848306,2.1970802919708,2.81578947368421,3.8362652232747,2.21732522796353,1.75306957708049,1.40914866581957,1.99795081967213,1.59894736842105,1.95344129554656,2.26727642276423,2.17878787878788,1.86199794026777,1.85232067510549,2.11271975180972,1.78790983606557,2.10625,2.26036131774708,2.07075962539022,1.54268292682927,2.12269938650307,1.74789029535865,1.64004376367615,2.04158004158004,1.78816199376947,1.96558704453441,1.71205550737207,1.78207739307536,2.89925119128659,1.44902162718847,2.248654467169,2.7738219895288,1.30425752855659,1.54429028815368,1.60820512820513,1.93522267206478,1.35149384885764,1.30899830220713,1.64313725490196,1.32229965156794,1.34648370497427,1.38290598290598,1.65647482014388,2.28947368421053,2.63001745200698,2.14084507042254,2.78375219170076,4.1312292358804,2.11867266591676,1.84325842696629,1.39491150442478,1.96971365638767,1.60621468926554,2.08208541320022,2.11997767857143,2.19247787610619,1.8630214205186,1.81156069364162,1.88882554161916,1.72011173184358,2.12228571428571,2.2019906323185,2.03900508762012,1.53794642857143,2.14766984839978,1.75115207373272,1.62790697674419,2.02798400913764,1.78449258836944,1.82398667406996,1.80750521195275,1.79634753735473,2.84315906562848,1.50389321468298,2.2579339569643,2.76331329553615,1.41311659192825,1.51428571428571,1.66161616161616,1.92932081722805
1989,17.8,1.28864569083447,1.32520325203252,1.58877086494689,1.30040595399188,1.33016304347826,1.33603238866397,1.81778425655977,2.26074895977809,2.67552447552448,2.2,2.85147159479808,3.88649706457926,2.21946169772257,1.77064220183486,1.4202380952381,1.9310009718173,1.60766961651917,1.94266277939747,2.21671525753158,2.14271844660194,2.00601805416249,1.85817060637205,2.09045226130653,1.79802955665025,2.02337398373984,2.25672877846791,2.10379241516966,1.59901477832512,2.15178571428571,1.7510162601626,1.62540021344717,2.05105105105105,1.8020202020202,1.97360703812317,1.72802653399668,1.75098039215686,2.92065573770492,1.47796278158668,2.27677624602333,2.75901132852729,1.32384690873405,1.63265306122449,1.64047151277014,1.9273631840796,1.37080291970803,1.35260115606936,1.58059210526316,1.32547864506627,1.33574529667149,1.37790697674419,1.79541984732824,2.23958333333333,2.66126656848306,2.1970802919708,2.81578947368421,3.8362652232747,2.21732522796353,1.75306957708049,1.40914866581957,1.99795081967213,1.59894736842105,1.95344129554656,2.26727642276423,2.17878787878788,1.86199794026777,1.85232067510549,2.11271975180972,1.78790983606557,2.10625,2.26036131774708,2.07075962539022,1.54268292682927,2.12269938650307,1.74789029535865,1.64004376367615,2.04158004158004,1.78816199376947,1.96558704453441,1.71205550737207,1.78207739307536,2.89925119128659,1.44902162718847,2.248654467169,2.7738219895288,1.30425752855659,1.54429028815368,1.60820512820513,1.93522267206478
1990,17.8,1.2981072555205,1.28637059724349,1.5360824742268,1.31308411214953,1.40494590417311,1.29969418960245,1.7621359223301,2.33280757097792,2.640625,2.16850393700787,2.83256528417819,3.99549887471868,2.20924943138741,1.75532696546657,1.37569060773481,1.97045951859956,1.59977949283352,1.89674523007856,2.21276595744681,2.19487750556793,2.04328018223235,1.85416666666667,2.01050175029172,1.85113636363636,1.99769850402762,2.21504112808461,2.10034602076125,1.607424071991,2.13318284424379,1.76627906976744,1.66300366300366,2.0771001150748,1.80297823596793,1.93325791855204,1.71565802113353,1.82077542062911,2.90175953079179,1.47692307692308,2.27758816837315,2.77043673012318,1.31111111111111,1.55504587155963,1.64446952595937,1.91909385113269,1.28864569083447,1.32520325203252,1.58877086494689,1.30040595399188,1.33016304347826,1.33603238866397,1.81778425655977,2.26074895977809,2.67552447552448,2.2,2.85147159479808,3.88649706457926,2.21946169772257,1.77064220183486,1.4202380952381,1.9310009718173,1.60766961651917,1.94266277939747,2.21671525753158,2.14271844660194,2.00601805416249,1.85817060637205,2.09045226130653,1.79802955665025,2.02337398373984,2.25672877846791,2.10379241516966,1.59901477832512,2.15178571428571,1.7510162601626,1.62540021344717,2.05105105105105,1.8020202020202,1.97360703812317,1.72802653399668,1.75098039215686,2.92065573770492,1.47796278158668,2.27677624602333,2.75901132852729,1.32384690873405,1.63265306122449,1.64047151277014,1.9273631840796
1991,17.9,1.3489010989011,1.31687242798354,1.6039156626506,1.38035961272476,1.47994467496542,1.36176066024759,1.78394160583942,2.13506139154161,2.71687587168759,2.16124469589816,2.79678770949721,3.97520107238606,2.18019257221458,1.79920212765957,1.4,1.97267206477733,1.59897959183673,1.9402390438247,2.21215139442231,2.18065153010859,2.22054380664653,1.92443064182195,1.95454545454545,1.82982982982983,1.94848484848485,2.2457805907173,2.11681772406848,1.596,2.1592039800995,1.74250258531541,1.63018065887354,2.08053007135576,1.45281124497992,1.93313373253493,1.73542210617929,1.87060384870604,2.89178356713427,1.46271705822268,2.21435897435897,2.78751258811682,1.36410788381743,1.60907127429806,1.63863863863864,1.94227005870841,1.2981072555205,1.28637059724349,1.5360824742268,1.31308411214953,1.40494590417311,1.29969418960245,1.7621359223301,2.33280757097792,2.640625,2.16850393700787,2.83256528417819,3.99549887471868,2.20924943138741,1.75532696546657,1.37569060773481,1.97045951859956,1.59977949283352,1.89674523007856,2.21276595744681,2.19487750556793,2.04328018223235,1.85416666666667,2.01050175029172,1.85113636363636,1.99769850402762,2.21504112808461,2.10034602076125,1.607424071991,2.13318284424379,1.76627906976744,1.66300366300366,2.0771001150748,1.80297823596793,1.93325791855204,1.71565802113353,1.82077542062911,2.90175953079179,1.47692307692308,2.27758816837315,2.77043673012318,1.31111111111111,1.55504587155963,1.64446952595937,1.91909385113269
1992,17.0,1.4952464125108,1.3172164904416,1.5357558641741,1.33883838237032,1.46325964339882,1.38507324702655,1.75479101232545,2.30122116507347,2.69042601271695,2.33353078751416,2.79309868165733,3.94672493335286,2.19840923150402,1.80066234040636,1.41024755681333,1.9754208339892,1.60597756570714,1.90277982695192,2.21320725364071,2.19551681036038,2.04747642122829,1.93614018337489,2.01030201014621,1.94225304292538,2.15860988055106,2.26368406768307,2.25316706371626,1.67436393027139,2.23237929294104,1.79745518119455,1.65151932518402,2.3060037684448,1.596402143527,1.92420285800428,1.77275602890818,1.91337886162193,2.86773413123509,1.47718272407193,2.23057838278944,2.78190914275396,1.34450624102273,1.8189685913115,1.60570319521433,2.00718217285043,1.3489010989011,1.31687242798354,1.6039156626506,1.38035961272476,1.47994467496542,1.36176066024759,1.78394160583942,2.13506139154161,2.71687587168759,2.16124469589816,2.79678770949721,3.97520107238606,2.18019257221458,1.79920212765957,1.4,1.97267206477733,1.59897959183673,1.9402390438247,2.21215139442231,2.18065153010859,2.22054380664653,1.92443064182195,1.95454545454545,1.82982982982983,1.94848484848485,2.2457805907173,2.11681772406848,1.596,2.1592039800995,1.74250258531541,1.63018065887354,2.08053007135576,1.45281124497992,1.93313373253493,1.73542210617929,1.87060384870604,2.89178356713427,1.46271705822268,2.21435897435897,2.78751258811682,1.36410788381743,1.60907127429806,1.63863863863864,1.94227005870841
1993,17.3,1.51055408970976,1.33463541666667,1.51580459770115,1.31503267973856,1.4537037037037,1.37209302325581,1.77361111111111,2.32418300653595,2.6798418972332,2.39417989417989,2.82516556291391,3.89285714285714,2.19555264879006,1.79512804497189,1.41148886283705,1.97478991596639,1.59981255857545,1.88483685220729,2.19579751671442,2.24049429657795,2.11348205625606,1.9100790513834,2.01669941060904,1.95942028985507,2.21176470588235,2.25816326530612,2.28294573643411,1.69008662175168,2.2552783109405,1.82061446977205,1.66320166320166,2.34499514091351,1.68568665377176,1.91746641074856,1.76954397394137,1.91839296924043,2.86767485822306,1.46722846441948,2.23053892215569,2.78190476190476,1.332383665717,1.85079051383399,1.61153846153846,2.02139534883721,1.4952464125108,1.3172164904416,1.5357558641741,1.33883838237032,1.46325964339882,1.38507324702655,1.75479101232545,2.30122116507347,2.69042601271695,2.33353078751416,2.79309868165733,3.94672493335286,2.19840923150402,1.80066234040636,1.41024755681333,1.9754208339892,1.60597756570714,1.90277982695192,2.21320725364071,2.19551681036038,2.04747642122829,1.93614018337489,2.01030201014621,1.94225304292538,2.15860988055106,2.26368406768307,2.25316706371626,1.67436393027139,2.23237929294104,1.79745518119455,1.65151932518402,2.3060037684448,1.596402143527,1.92420285800428,1.77275602890818,1.91337886162193,2.86773413123509,1.47718272407193,2.23057838278944,2.78190914275396,1.34450624102273,1.8189685913115,1.60570319521433,2.00718217285043
1994,17.0,1.47903780068729,1.41875,1.53251445086705,1.29146757679181,1.46072931276297,1.33875338753388,1.88556851311953,2.17614424410541,2.70152354570637,2.49102209944751,2.86539816772375,3.78578714722883,2.22029186935372,1.83439704400403,1.42446043165468,1.94984954864594,1.56723963599596,2.0015037593985,2.13997985901309,2.27468671679198,2.02377339403136,1.8397733127254,1.97445068983137,1.92431886982846,2.2422233554309,2.23796932839767,2.29847715736041,1.6807440925088,2.30575176589304,1.85736434108527,1.66877637130802,2.3258081067214,1.74872057318321,1.89722921914358,1.71385799828914,1.86498316498316,2.91112618724559,1.4113475177305,2.2176724137931,2.81436811746198,1.32791878172589,1.86252653927813,1.65877016129032,1.95496417604913,1.51055408970976,1.33463541666667,1.51580459770115,1.31503267973856,1.4537037037037,1.37209302325581,1.77361111111111,2.32418300653595,2.6798418972332,2.39417989417989,2.82516556291391,3.89285714285714,2.19555264879006,1.79512804497189,1.41148886283705,1.97478991596639,1.59981255857545,1.88483685220729,2.19579751671442,2.24049429657795,2.11348205625606,1.9100790513834,2.01669941060904,1.95942028985507,2.21176470588235,2.25816326530612,2.28294573643411,1.69008662175168,2.2552783109405,1.82061446977205,1.66320166320166,2.34499514091351,1.68568665377176,1.91746641074856,1.76954397394137,1.91839296924043,2.86767485822306,1.46722846441948,2.23053892215569,2.78190476190476,1.332383665717,1.85079051383399,1.61153846153846,2.02139534883721
1995,16.7,1.496528830765,1.41604376660397,1.54789147567463,1.34909259332948,1.49966200986413,1.35254539329878,1.88589035303522,2.12954703756615,2.70005612319245,2.45649048704663,2.84028723043454,3.72381130442049,2.28294434470377,1.83758914785626,1.41124556916455,1.9321560718125,1.5382173102447,2.06932948374678,2.092244019693,2.28686744479809,1.90990878775199,1.87809086717705,1.93880716590192,1.94406066448647,2.31845021627978,2.20565516225097,2.28551121774069,1.64613924308939,2.32661396908524,1.88049594135465,1.65703730073904,2.36221474766213,1.73323279049937,1.86610413686926,1.72117058184605,1.84140201906873,2.90018168019986,1.40230126272564,2.23481561822126,2.85003390977855,1.31523617809954,1.97705523382122,1.66617552380002,2.02988713814663,1.47903780068729,1.41875,1.53251445086705,1.29146757679181,1.46072931276297,1.33875338753388,1.88556851311953,2.17614424410541,2.70152354570637,2.49102209944751,2.86539816772375,3.78578714722883,2.22029186935372,1.83439704400403,1.42446043165468,1.94984954864594,1.56723963599596,2.0015037593985,2.13997985901309,2.27468671679198,2.02377339403136,1.8397733127254,1.97445068983137,1.92431886982846,2.2422233554309,2.23796932839767,2.29847715736041,1.6807440925088,2.30575176589304,1.85736434108527,1.66877637130802,2.3258081067214,1.74872057318321,1.89722921914358,1.71385799828914,1.86498316498316,2.91112618724559,1.4113475177305,2.2176724137931,2.81436811746198,1.32791878172589,1.86252653927813,1.65877016129032,1.95496417604913
1996,16.4,1.50398839738941,1.39956958393113,1.55572998430141,1.3764367816092,1.50761421319797,1.36162624821683,1.86068111455108,2.14855875831486,2.68292682926829,2.42109038737446,2.78446674098848,3.70173574211831,2.28294434470377,1.81698440207972,1.40246555474982,1.92930963207937,1.54254201680672,2.0559916274202,2.07936507936508,2.26945169712794,1.91510945008009,1.89859002169197,1.93610049153468,1.95263157894737,2.32650862068966,2.19988642816582,2.28869844670595,1.63928383359663,2.32110579479001,1.87637362637363,1.655133295519,2.36256051640667,1.72971520687802,1.86698463169051,1.74664937310852,1.82261410788382,2.86959553695955,1.41160949868074,2.23481561822126,2.86550632911392,1.31021704605611,2.02130044843049,1.65912677538138,2.15125191619826,1.496528830765,1.41604376660397,1.54789147567463,1.34909259332948,1.49966200986413,1.35254539329878,1.88589035303522,2.12954703756615,2.70005612319245,2.45649048704663,2.84028723043454,3.72381130442049,2.28294434470377,1.83758914785626,1.41124556916455,1.9321560718125,1.5382173102447,2.06932948374678,2.092244019693,2.28686744479809,1.90990878775199,1.87809086717705,1.93880716590192,1.94406066448647,2.31845021627978,2.20565516225097,2.28551121774069,1.64613924308939,2.32661396908524,1.88049594135465,1.65703730073904,2.36221474766213,1.73323279049937,1.86610413686926,1.72117058184605,1.84140201906873,2.90018168019986,1.40230126272564,2.23481561822126,2.85003390977855,1.31523617809954,1.97705523382122,1.66617552380002,2.02988713814663
1997,16.3,1.4701829799186,1.38131903525287,1.60674604224294,1.43062185260172,1.49809474850476,1.36078207804253,1.81613959007554,2.15409585297101,2.60259863122801,2.32285309764535,2.74945656542383,3.6816965634801,2.27629791791717,1.80797313214512,1.38783365742166,1.93812064211349,1.58959727654607,1.99589367572413,2.10811425934724,2.22351879952858,1.88796745822512,1.88300592067407,1.92557466861554,1.91504210925569,2.24366553520772,2.19974311917385,2.32925305840014,1.63780862001495,2.29526947891321,1.83452059537036,1.6588432636699,2.24599351585896,1.74902376456482,1.89943321853472,1.72159722878507,1.76594903179755,2.87836145722208,1.42941251775992,2.30753024932362,2.84911430501051,1.30776800380654,2.0780847672569,1.65424816482948,2.17701335495682,1.50398839738941,1.39956958393113,1.55572998430141,1.3764367816092,1.50761421319797,1.36162624821683,1.86068111455108,2.14855875831486,2.68292682926829,2.42109038737446,2.78446674098848,3.70173574211831,2.28294434470377,1.81698440207972,1.40246555474982,1.92930963207937,1.54254201680672,2.0559916274202,2.07936507936508,2.26945169712794,1.91510945008009,1.89859002169197,1.93610049153468,1.95263157894737,2.32650862068966,2.19988642816582,2.28869844670595,1.63928383359663,2.32110579479001,1.87637362637363,1.655133295519,2.36256051640667,1.72971520687802,1.86698463169051,1.74664937310852,1.82261410788382,2.86959553695955,1.41160949868074,2.23481561822126,2.86550632911392,1.31021704605611,2.02130044843049,1.65912677538138,2.15125191619826
1998,16.5,1.45371775417299,1.3724907063197,1.61754966887417,1.4390977443609,1.4886191198786,1.35424354243542,1.80464371497198,2.13625866050808,2.57131842713955,2.28625664388762,2.72672218016654,3.63916786226686,2.2768192048012,1.80363506771205,1.38818249813014,1.95179014533853,1.60483870967742,1.94952681388013,2.14399152991001,2.18883205456095,1.90128755364807,1.85886875343218,1.91648590021692,1.89580010632642,2.22005420054201,2.19748858447489,2.33941997851772,1.63893333333333,2.29211087420043,1.82034273079049,1.65511363636364,2.2014115092291,1.75607123583378,1.89638682252922,1.68682310469314,1.70808116767533,2.90961262553802,1.43410435718128,2.30870561282932,2.81485587583149,1.31222943722944,2.07644038790645,1.65712771595125,2.18181818181818,1.4701829799186,1.38131903525287,1.60674604224294,1.43062185260172,1.49809474850476,1.36078207804253,1.81613959007554,2.15409585297101,2.60259863122801,2.32285309764535,2.74945656542383,3.6816965634801,2.27629791791717,1.80797313214512,1.38783365742166,1.93812064211349,1.58959727654607,1.99589367572413,2.10811425934724,2.22351879952858,1.88796745822512,1.88300592067407,1.92557466861554,1.91504210925569,2.24366553520772,2.19974311917385,2.32925305840014,1.63780862001495,2.29526947891321,1.83452059537036,1.6588432636699,2.24599351585896,1.74902376456482,1.89943321853472,1.72159722878507,1.76594903179755,2.87836145722208,1.42941251775992,2.30753024932362,2.84911430501051,1.30776800380654,2.0780847672569,1.65424816482948,2.17701335495682
1999,16.0,1.44401480243495,1.32160890098348,1.60175108906027,1.44136207053762,1.47059975030939,1.33542752879583,1.78036993828708,2.05453737920167,2.52114376167773,2.19726503334668,2.69799760542057,3.56839779339535,2.31451313722083,1.79263151884005,1.4019288368102,1.96413479204824,1.60178657996041,1.96215355055952,2.1520561777657,2.19963114883791,1.85432474138945,1.8095133449007,1.89451705394009,1.88065382872424,2.2370973530183,2.16932039359286,2.32374316437881,1.64181637382538,2.31417485249491,1.8059279445737,1.63010274151961,2.17188141571091,1.73506934353029,1.82172080020615,1.69084553443518,1.69347559379138,2.93109937971938,1.44823575682938,2.27226756864067,2.78260738479449,1.32899680753185,2.05690546109785,1.6685236584097,2.25531722727639,1.45371775417299,1.3724907063197,1.61754966887417,1.4390977443609,1.4886191198786,1.35424354243542,1.80464371497198,2.13625866050808,2.57131842713955,2.28625664388762,2.72672218016654,3.63916786226686,2.2768192048012,1.80363506771205,1.38818249813014,1.95179014533853,1.60483870967742,1.94952681388013,2.14399152991001,2.18883205456095,1.90128755364807,1.85886875343218,1.91648590021692,1.89580010632642,2.22005420054201,2.19748858447489,2.33941997851772,1.63893333333333,2.29211087420043,1.82034273079049,1.65511363636364,2.2014115092291,1.75607123583378,1.89638682252922,1.68682310469314,1.70808116767533,2.90961262553802,1.43410435718128,2.30870561282932,2.81485587583149,1.31222943722944,2.07644038790645,1.65712771595125,2.18181818181818
2000,15.9,1.44944649446494,1.30384336475707,1.60313531353135,1.44657332350774,1.46987951807229,1.32802317161477,1.78559870550162,2.01530221882173,2.52250190694127,2.17731029301277,2.66614542611415,3.52539276580197,2.31654397520341,1.78826071299964,1.40822784810127,1.9750430292599,1.58487486398259,1.99203398831652,2.13687600644122,2.22937732836615,1.8451928299837,1.82284768211921,1.90989496959646,1.88603531300161,2.21218836565097,2.15343915343915,2.31355470876429,1.65268817204301,2.3252427184466,1.79571106094808,1.63312248418631,2.16916250693289,1.7013201320132,1.8018211033744,1.70351526364477,1.71841541755889,2.92490118577075,1.45538628944505,2.26643990929705,2.77008928571429,1.32857926494789,2.06835592221567,1.67238605898123,2.33048585157501,1.44401480243495,1.32160890098348,1.60175108906027,1.44136207053762,1.47059975030939,1.33542752879583,1.78036993828708,2.05453737920167,2.52114376167773,2.19726503334668,2.69799760542057,3.56839779339535,2.31451313722083,1.79263151884005,1.4019288368102,1.96413479204824,1.60178657996041,1.96215355055952,2.1520561777657,2.19963114883791,1.85432474138945,1.8095133449007,1.89451705394009,1.88065382872424,2.2370973530183,2.16932039359286,2.32374316437881,1.64181637382538,2.31417485249491,1.8059279445737,1.63010274151961,2.17188141571091,1.73506934353029,1.82172080020615,1.69084553443518,1.69347559379138,2.93109937971938,1.44823575682938,2.27226756864067,2.78260738479449,1.32899680753185,2.05690546109785,1.6685236584097,2.25531722727639
2001,16.1,1.46540572780201,1.29425422249348,1.66467354111217,1.48287832206232,1.4894297359532,1.31595511156617,1.83923248765628,1.9364386194508,2.57147936472824,2.18488636356899,2.63824580139544,3.56334271339719,2.29651124489692,1.80295386898445,1.41492541110413,1.9834421780914,1.53112279841294,1.98898387628615,2.11345206914416,2.24393509812126,1.96301048902464,1.95054489351944,2.01710607603422,1.90543498951583,2.00908259260247,2.12651881802283,2.31371514191958,1.7114306637268,2.33321364413536,1.75326922628723,1.68817463518099,2.13180875037886,1.57394659159781,1.83892954922658,1.68910430305694,1.76714792584943,2.88820142261595,1.47047923586403,2.23503472144755,2.7873391875248,1.29969083334252,2.15775989183356,1.67422190156893,2.32818995142378,1.44944649446494,1.30384336475707,1.60313531353135,1.44657332350774,1.46987951807229,1.32802317161477,1.78559870550162,2.01530221882173,2.52250190694127,2.17731029301277,2.66614542611415,3.52539276580197,2.31654397520341,1.78826071299964,1.40822784810127,1.9750430292599,1.58487486398259,1.99203398831652,2.13687600644122,2.22937732836615,1.8451928299837,1.82284768211921,1.90989496959646,1.88603531300161,2.21218836565097,2.15343915343915,2.31355470876429,1.65268817204301,2.3252427184466,1.79571106094808,1.63312248418631,2.16916250693289,1.7013201320132,1.8018211033744,1.70351526364477,1.71841541755889,2.92490118577075,1.45538628944505,2.26643990929705,2.77008928571429,1.32857926494789,2.06835592221567,1.67238605898123,2.33048585157501
2002,14.1529184248814,1.46822995461422,1.29041916167665,1.69410815173527,1.49432248296745,1.50610687022901,1.31571109456441,1.85544082605242,1.91012084592145,2.58796648895659,2.19330289193303,2.61712062256809,3.66241341596792,2.29066374908826,1.82103725346969,1.41625207296849,1.97834325933947,1.51559020044543,1.95604395604396,2.0990099009901,2.23956043956044,1.96218020022247,2.00559910414334,2.0546875,1.90618101545254,1.94388327721661,2.12659698025552,2.32258064516129,1.74090407938258,2.33296460176991,1.75312855517634,1.7024504084014,2.11771300448431,1.52227171492205,1.85494505494506,1.66823751178134,1.82395909422936,2.86426999266324,1.47058823529412,2.2372304199773,2.81581920903955,1.28555678059537,2.18212669683258,1.67184035476718,2.27753303964758,1.46540572780201,1.29425422249348,1.66467354111217,1.48287832206232,1.4894297359532,1.31595511156617,1.83923248765628,1.9364386194508,2.57147936472824,2.18488636356899,2.63824580139544,3.56334271339719,2.29651124489692,1.80295386898445,1.41492541110413,1.9834421780914,1.53112279841294,1.98898387628615,2.11345206914416,2.24393509812126,1.96301048902464,1.95054489351944,2.01710607603422,1.90543498951583,2.00908259260247,2.12651881802283,2.31371514191958,1.7114306637268,2.33321364413536,1.75326922628723,1.68817463518099,2.13180875037886,1.57394659159781,1.83892954922658,1.68910430305694,1.76714792584943,2.88820142261595,1.47047923586403,2.23503472144755,2.7873391875248,1.29969083334252,2.15775989183356,1.67422190156893,2.32818995142378
2003,14.7796232384239,1.45401030100941,1.26561583325376,1.7062288090921,1.48089605218132,1.53798044677329,1.32584841164627,1.83042117231804,1.89483977017726,2.56772624630772,2.18100507105646,2.60352761932278,3.77325754144732,2.27051720043334,1.82539424049041,1.41943431457057,1.95569052982351,1.52379625603281,1.91501431676598,2.1042272514733,2.22399997685756,1.86270672697234,2.03071766999448,2.03504282064044,1.88076695597726,2.02200779963392,2.15749442029325,2.34287232653646,1.77488797142879,2.33358304599788,1.82283997844166,1.66183421752878,2.13182171654787,1.4905589277338,1.82161409655149,1.66702504006511,1.87106919562969,2.88770370647544,1.45007496100781,2.27244562935222,2.83371159533209,1.27848998410957,2.13554164339596,1.66095066788362,2.23457541294784,1.46822995461422,1.29041916167665,1.69410815173527,1.49432248296745,1.50610687022901,1.31571109456441,1.85544082605242,1.91012084592145,2.58796648895659,2.19330289193303,2.61712062256809,3.66241341596792,2.29066374908826,1.82103725346969,1.41625207296849,1.97834325933947,1.51559020044543,1.95604395604396,2.0990099009901,2.23956043956044,1.96218020022247,2.00559910414334,2.0546875,1.90618101545254,1.94388327721661,2.12659698025552,2.32258064516129,1.74090407938258,2.33296460176991,1.75312855517634,1.7024504084014,2.11771300448431,1.52227171492205,1.85494505494506,1.66823751178134,1.82395909422936,2.86426999266324,1.47058823529412,2.2372304199773,2.81581920903955,1.28555678059537,2.18212669683258,1.67184035476718,2.27753303964758
2004,14.1893996234375,1.43685756240822,1.26338639652677,1.69384492406075,1.46686303387334,1.5331347728965,1.32827187274042,1.81034482758621,1.92611558156547,2.54896142433234,2.16397058823529,2.59422614274258,3.80149946447697,2.27420520231214,1.82124158563949,1.42011834319527,1.94907749077491,1.53587443946188,1.90950744558992,2.1113662456946,2.22057142857143,1.86143187066975,2.02447552447552,2.00233644859813,1.87070938215103,2.10672853828306,2.17590361445783,2.34135166093929,1.7709049255441,2.33218785796105,1.85431235431235,1.63668639053254,2.15758980301275,1.5166475315729,1.80183276059565,1.67716535433071,1.88239700374532,2.91232048374906,1.43673012318029,2.27187864644107,2.83465458663647,1.28410372040586,2.10829493087558,1.65247410817031,2.25496688741722,1.45401030100941,1.26561583325376,1.7062288090921,1.48089605218132,1.53798044677329,1.32584841164627,1.83042117231804,1.89483977017726,2.56772624630772,2.18100507105646,2.60352761932278,3.77325754144732,2.27051720043334,1.82539424049041,1.41943431457057,1.95569052982351,1.52379625603281,1.91501431676598,2.1042272514733,2.22399997685756,1.86270672697234,2.03071766999448,2.03504282064044,1.88076695597726,2.02200779963392,2.15749442029325,2.34287232653646,1.77488797142879,2.33358304599788,1.82283997844166,1.66183421752878,2.13182171654787,1.4905589277338,1.82161409655149,1.66702504006511,1.87106919562969,2.88770370647544,1.45007496100781,2.27244562935222,2.83371159533209,1.27848998410957,2.13554164339596,1.66095066788362,2.23457541294784
2005,13.7,1.39420052430948,1.29465682177708,1.65705855178852,1.4507884370474,1.47350469093645,1.31913440250895,1.79455207111383,2.06493087824018,2.53131236929479,2.12744684727646,2.58550085942378,3.68913736549765,2.32238569544229,1.81836654854809,1.41785972822643,1.98620584592826,1.5487303493834,1.9670128055418,2.10301238917405,2.24683947786604,1.83466715637924,2.02980250595209,1.96464456022243,1.87911296344258,2.21881391907148,2.18976026785658,2.31096933897719,1.73009692846997,2.3237869401548,1.8459532283941,1.63563952286265,2.22257740933899,1.61665523342029,1.81505462580962,1.683403003268,1.8481288454183,2.89063478264466,1.42427319670987,2.21495801331813,2.82463432128565,1.29825302001313,2.13312597593075,1.6373680341093,2.36674432176881,1.43685756240822,1.26338639652677,1.69384492406075,1.46686303387334,1.5331347728965,1.32827187274042,1.81034482758621,1.92611558156547,2.54896142433234,2.16397058823529,2.59422614274258,3.80149946447697,2.27420520231214,1.82124158563949,1.42011834319527,1.94907749077491,1.53587443946188,1.90950744558992,2.1113662456946,2.22057142857143,1.86143187066975,2.02447552447552,2.00233644859813,1.87070938215103,2.10672853828306,2.17590361445783,2.34135166093929,1.7709049255441,2.33218785796105,1.85431235431235,1.63668639053254,2.15758980301275,1.5166475315729,1.80183276059565,1.67716535433071,1.88239700374532,2.91232048374906,1.43673012318029,2.27187864644107,2.83465458663647,1.28410372040586,2.10829493087558,1.65247410817031,2.25496688741722
2006,13.9,1.37551867219917,1.29772570640937,1.63454410674574,1.44613259668508,1.45028011204482,1.31737346101231,1.78041543026706,2.14493758668516,2.52,2.11087866108787,2.57573607662292,3.56869294143843,2.33430297605728,1.82250502344273,1.41560283687943,2.03356086461888,1.5531914893617,2.02871536523929,2.09146033350177,2.28178557194101,1.83936766955635,2.03150826446281,1.9699481865285,1.88270980788675,2.26120556414219,2.18370607028754,2.30636132315522,1.71515458692347,2.31993896236012,1.830375782881,1.64708994708995,2.25490196078431,1.6561062851303,1.83678625568469,1.67707854846119,1.83182275931521,2.85072610604526,1.42993396918562,2.20167627029859,2.8435725348477,1.29670886075949,2.17400419287212,1.64006100660905,2.48790322580645,1.39420052430948,1.29465682177708,1.65705855178852,1.4507884370474,1.47350469093645,1.31913440250895,1.79455207111383,2.06493087824018,2.53131236929479,2.12744684727646,2.58550085942378,3.68913736549765,2.32238569544229,1.81836654854809,1.41785972822643,1.98620584592826,1.5487303493834,1.9670128055418,2.10301238917405,2.24683947786604,1.83466715637924,2.02980250595209,1.96464456022243,1.87911296344258,2.21881391907148,2.18976026785658,2.31096933897719,1.73009692846997,2.3237869401548,1.8459532283941,1.63563952286265,2.22257740933899,1.61665523342029,1.81505462580962,1.683403003268,1.8481288454183,2.89063478264466,1.42427319670987,2.21495801331813,2.82463432128565,1.29825302001313,2.13312597593075,1.6373680341093,2.36674432176881
2007,13.7,1.37566070867093,1.25685920630496,1.61104929251027,1.4425463634258,1.48017783805577,1.33334187918407,1.73299219886538,2.21024951073493,2.48416408286351,2.10004689853343,2.5646056716769,3.56615583460659,2.34846117266301,1.83698489184683,1.41338952389729,2.05482133447595,1.561839098492,2.03410566509955,2.09283879534288,2.30031775555084,1.97398271976544,2.02036651609771,2.02291187473509,1.86481171429506,2.31489776254489,2.15766925764861,2.34871070733019,1.73332112762989,2.31679703674687,1.83434632692359,1.65676917121226,2.28700551652412,1.63895190378521,1.860141591999,1.65764268448724,1.89186068267122,2.82842485768747,1.45654015426752,2.19865945938296,2.9188580997173,1.27232598556133,2.25582590138367,1.67382038063366,2.5393382104923,1.37551867219917,1.29772570640937,1.63454410674574,1.44613259668508,1.45028011204482,1.31737346101231,1.78041543026706,2.14493758668516,2.52,2.11087866108787,2.57573607662292,3.56869294143843,2.33430297605728,1.82250502344273,1.41560283687943,2.03356086461888,1.5531914893617,2.02871536523929,2.09146033350177,2.28178557194101,1.83936766955635,2.03150826446281,1.9699481865285,1.88270980788675,2.26120556414219,2.18370607028754,2.30636132315522,1.71515458692347,2.31993896236012,1.830375782881,1.64708994708995,2.25490196078431,1.6561062851303,1.83678625568469,1.67707854846119,1.83182275931521,2.85072610604526,1.42993396918562,2.20167627029859,2.8435725348477,1.29670886075949,2.17400419287212,1.64006100660905,2.48790322580645
2008,13.2,1.4077868852459,1.27852004110997,1.62808988764045,1.44766839378238,1.51464435146444,1.34239677744209,1.72871736662883,2.1979274611399,2.47002141327623,2.10890052356021,2.55484216158373,3.59086395233366,2.35394126738794,1.85955334987593,1.41589267285862,2.06365655070318,1.56394913986537,2.002201027146,2.10890360559235,2.2996336996337,2.01333333333333,2.02775693923481,2.05239520958084,1.85513673318551,2.31456456456456,2.14800613496933,2.36943620178042,1.7439293598234,2.30689399555226,1.84830188679245,1.65564950038432,2.29895366218236,1.60772659732541,1.84944649446494,1.650390625,1.99254843517139,2.815,1.46050670640835,2.19261006289308,2.9938128383604,1.26807228915663,2.31678486997636,1.6990434142752,2.56358164033108,1.37566070867093,1.25685920630496,1.61104929251027,1.4425463634258,1.48017783805577,1.33334187918407,1.73299219886538,2.21024951073493,2.48416408286351,2.10004689853343,2.5646056716769,3.56615583460659,2.34846117266301,1.83698489184683,1.41338952389729,2.05482133447595,1.561839098492,2.03410566509955,2.09283879534288,2.30031775555084,1.97398271976544,2.02036651609771,2.02291187473509,1.86481171429506,2.31489776254489,2.15766925764861,2.34871070733019,1.73332112762989,2.31679703674687,1.83434632692359,1.65676917121226,2.28700551652412,1.63895190378521,1.860141591999,1.65764268448724,1.89186068267122,2.82842485768747,1.45654015426752,2.19865945938296,2.9188580997173,1.27232598556133,2.25582590138367,1.67382038063366,2.5393382104923
2009,11.9,1.5036676648524,1.45401753832452,1.71414128615042,1.46884981138861,1.54532673735423,1.33836854789777,1.79591436861281,2.11813048797813,2.48388202756474,2.14706157499352,2.54749597914479,3.54062676729623,2.38550958460614,1.88371859756659,1.42370008157144,2.07869599723084,1.55692136857503,1.96875438118765,2.13354825301056,2.2857534334047,2.26679998932141,2.08120011550788,2.05459700976641,1.86532699941381,2.24797703539957,2.16066133789772,2.34931928959041,1.72314501648554,2.27317116343305,1.86767053989483,1.64764867944407,2.32082967502797,1.57917610600489,1.79059081779933,1.67394226774387,2.07992066391238,2.79630336976005,1.42442539752639,2.12747971822303,3.01317255257251,1.30259169330137,2.42473061811682,1.72154585866679,2.61934163838347,1.4077868852459,1.27852004110997,1.62808988764045,1.44766839378238,1.51464435146444,1.34239677744209,1.72871736662883,2.1979274611399,2.47002141327623,2.10890052356021,2.55484216158373,3.59086395233366,2.35394126738794,1.85955334987593,1.41589267285862,2.06365655070318,1.56394913986537,2.002201027146,2.10890360559235,2.2996336996337,2.01333333333333,2.02775693923481,2.05239520958084,1.85513673318551,2.31456456456456,2.14800613496933,2.36943620178042,1.7439293598234,2.30689399555226,1.84830188679245,1.65564950038432,2.29895366218236,1.60772659732541,1.84944649446494,1.650390625,1.99254843517139,2.815,1.46050670640835,2.19261006289308,2.9938128383604,1.26807228915663,2.31678486997636,1.6990434142752,2.56358164033108
2010,12.5,1.55430327868852,1.55465587044534,1.76457645764576,1.47959183673469,1.55020491803279,1.332,1.83092324805339,2.07505070993915,2.50565262076053,2.17755102040816,2.5338305807139,3.48379174852652,2.39465570400822,1.89161353604708,1.4176072234763,2.08841940532081,1.54739336492891,1.95693430656934,2.14358974358974,2.27769679300292,2.30791788856305,2.10679611650485,2.04321455648218,1.87967718268525,2.20208023774146,2.17461538461538,2.33505535055351,1.70652971386647,2.26118855465884,1.87191011235955,1.64395099540582,2.34298440979955,1.5641592920354,1.76228906823184,1.69437172774869,2.12100344318741,2.78107974244676,1.39795114263199,2.09612518628912,3.01139601139601,1.32304038004751,2.47424366312347,1.72087912087912,2.70839160839161,1.5036676648524,1.45401753832452,1.71414128615042,1.46884981138861,1.54532673735423,1.33836854789777,1.79591436861281,2.11813048797813,2.48388202756474,2.14706157499352,2.54749597914479,3.54062676729623,2.38550958460614,1.88371859756659,1.42370008157144,2.07869599723084,1.55692136857503,1.96875438118765,2.13354825301056,2.2857534334047,2.26679998932141,2.08120011550788,2.05459700976641,1.86532699941381,2.24797703539957,2.16066133789772,2.34931928959041,1.72314501648554,2.27317116343305,1.86767053989483,1.64764867944407,2.32082967502797,1.57917610600489,1.79059081779933,1.67394226774387,2.07992066391238,2.79630336976005,1.42442539752639,2.12747971822303,3.01317255257251,1.30259169330137,2.42473061811682,1.72154585866679,2.61934163838347
2011,12.5,1.55562408172709,1.53812668204316,1.7667280955155,1.47687050279744,1.54460528541956,1.33138729395305,1.79832804879044,2.07990514290394,2.53426253018383,2.21351581577021,2.50773642880961,3.49335081723876,2.38780616288595,1.87044662655255,1.38459650675537,2.08051795916587,1.5333257146342,1.97641555620025,2.1226682836385,2.29078524330014,2.29704521700649,2.08160338225717,2.0368753517429,1.89543861237259,2.19570692948032,2.18285562244487,2.35776011431602,1.71074951429697,2.28365701832992,1.86628480736733,1.64774425922248,2.38856643126989,1.53613705079065,1.78129101833823,1.67986163575804,2.09821745834954,2.7806248213083,1.39249661052827,2.06256591177322,3.03243943695009,1.31053305674937,2.48690150280071,1.70095437550668,2.8159256758569,1.55430327868852,1.55465587044534,1.76457645764576,1.47959183673469,1.55020491803279,1.332,1.83092324805339,2.07505070993915,2.50565262076053,2.17755102040816,2.5338305807139,3.48379174852652,2.39465570400822,1.89161353604708,1.4176072234763,2.08841940532081,1.54739336492891,1.95693430656934,2.14358974358974,2.27769679300292,2.30791788856305,2.10679611650485,2.04321455648218,1.87967718268525,2.20208023774146,2.17461538461538,2.33505535055351,1.70652971386647,2.26118855465884,1.87191011235955,1.64395099540582,2.34298440979955,1.5641592920354,1.76228906823184,1.69437172774869,2.12100344318741,2.78107974244676,1.39795114263199,2.09612518628912,3.01139601139601,1.32304038004751,2.47424366312347,1.72087912087912,2.70839160839161
2012,11.6,1.53347064881565,1.4953560371517,1.74120317820658,1.47395833333333,1.54025423728814,1.33502538071066,1.77080957810718,2.08082901554404,2.55376344086022,2.24033437826541,2.48339898705684,3.49033570701933,2.38414322250639,1.83910386965377,1.37235228539576,2.06967840735069,1.52932098765432,1.99548192771084,2.09879336349925,2.31254695717506,2.26339622641509,2.04374520337682,2.03657587548638,1.90730972117558,2.22723794950268,2.18550955414013,2.37709923664122,1.72117558402411,2.30634071810542,1.87567567567568,1.65427215189873,2.42625482625483,1.53151100987092,1.80393641180924,1.65957446808511,2.03457041179461,2.79354508196721,1.39938556067588,2.05877483443709,3.06852589641434,1.29361370716511,2.50121065375303,1.6885865457294,2.91775557263643,1.55562408172709,1.53812668204316,1.7667280955155,1.47687050279744,1.54460528541956,1.33138729395305,1.79832804879044,2.07990514290394,2.53426253018383,2.21351581577021,2.50773642880961,3.49335081723876,2.38780616288595,1.87044662655255,1.38459650675537,2.08051795916587,1.5333257146342,1.97641555620025,2.1226682836385,2.29078524330014,2.29704521700649,2.08160338225717,2.0368753517429,1.89543861237259,2.19570692948032,2.18285562244487,2.35776011431602,1.71074951429697,2.28365701832992,1.86628480736733,1.64774425922248,2.38856643126989,1.53613705079065,1.78129101833823,1.67986163575804,2.09821745834954,2.7806248213083,1.39249661052827,2.06256591177322,3.03243943695009,1.31053305674937,2.48690150280071,1.70095437550668,2.8159256758569
2013,12.0,1.51797073701862,1.51682531438499,1.71231801016358,1.48049466257827,1.53935522367003,1.33990966591252,1.79391346028382,2.01599566448094,2.57435444755241,2.27831491414562,2.47359440747411,3.40074142218774,2.39858397951419,1.82076544033974,1.40260522569641,2.07290465690046,1.53717224889123,1.98511643258322,2.1006689329576,2.3268801657449,2.19791973690324,2.01108846931872,2.03561294263622,1.92742070148804,2.28720958195606,2.18996379199296,2.37025405413774,1.72595940023398,2.31366833394377,1.92436881043651,1.66152822097797,2.46965036036732,1.56414170643975,1.79545742161469,1.66520190029199,1.96126508913274,2.81465873909176,1.40173077542255,2.06019636848385,3.10101414374588,1.2967290589998,2.57915403638606,1.6935533625359,2.99794964301428,1.53347064881565,1.4953560371517,1.74120317820658,1.47395833333333,1.54025423728814,1.33502538071066,1.77080957810718,2.08082901554404,2.55376344086022,2.24033437826541,2.48339898705684,3.49033570701933,2.38414322250639,1.83910386965377,1.37235228539576,2.06967840735069,1.52932098765432,1.99548192771084,2.09879336349925,2.31254695717506,2.26339622641509,2.04374520337682,2.03657587548638,1.90730972117558,2.22723794950268,2.18550955414013,2.37709923664122,1.72117558402411,2.30634071810542,1.87567567567568,1.65427215189873,2.42625482625483,1.53151100987092,1.80393641180924,1.65957446808511,2.03457041179461,2.79354508196721,1.39938556067588,2.05877483443709,3.06852589641434,1.29361370716511,2.50121065375303,1.6885865457294,2.91775557263643
2014,11.7,1.508038585209,1.54354838709677,1.68842471714534,1.47321428571429,1.52463054187192,1.34269662921348,1.79469026548673,1.94715447154472,2.56741108354012,2.28758169934641,2.46516659454781,3.32237623762376,2.4107071514183,1.82411067193676,1.43549783549784,2.08947368421053,1.54529411764706,1.96848989298454,2.11540749553837,2.33095662507427,2.18127608825283,2.00060422960725,2.03911980440098,1.93858079904592,2.32183908045977,2.1810291382517,2.36560432952495,1.73389021479714,2.31189903846154,1.96282754418038,1.66235366605052,2.49087591240876,1.58922155688623,1.76628810520024,1.67757255936675,1.90169759178839,2.8363201911589,1.40235294117647,2.05647208121827,3.11953883495146,1.31938715380083,2.6480920654149,1.70644391408115,3.08298507462687,1.51797073701862,1.51682531438499,1.71231801016358,1.48049466257827,1.53935522367003,1.33990966591252,1.79391346028382,2.01599566448094,2.57435444755241,2.27831491414562,2.47359440747411,3.40074142218774,2.39858397951419,1.82076544033974,1.40260522569641,2.07290465690046,1.53717224889123,1.98511643258322,2.1006689329576,2.3268801657449,2.19791973690324,2.01108846931872,2.03561294263622,1.92742070148804,2.28720958195606,2.18996379199296,2.37025405413774,1.72595940023398,2.31366833394377,1.92436881043651,1.66152822097797,2.46965036036732,1.56414170643975,1.79545742161469,1.66520190029199,1.96126508913274,2.81465873909176,1.40173077542255,2.06019636848385,3.10101414374588,1.2967290589998,2.57915403638606,1.6935533625359,2.99794964301428
2015,11.5,1.48381994823908,1.51190945058457,1.65024208656905,1.42980331241933,1.47420985328053,1.34335679080134,1.70155946295085,1.89838412293,2.51363066928429,2.25144375898169,2.44392622847991,3.35079202272325,2.41786886053903,1.84920767150292,1.44711010524933,2.11292372547807,1.54695567142101,1.97254862811665,2.12332386896384,2.32636850877031,2.17813225960105,2.00011204360937,2.05264612748339,1.93714753959702,2.32266046439431,2.14342796733066,2.39115107162747,1.76060257093501,2.3169453991341,1.97069756840998,1.65443455365775,2.49305621365816,1.57942838398243,1.72602851346616,1.67333668113983,1.86961637450558,2.85184616315427,1.40830411818469,2.03281531720886,3.12065776540015,1.36009608599901,2.68742010151163,1.71944164457952,3.19840499239886,1.508038585209,1.54354838709677,1.68842471714534,1.47321428571429,1.52463054187192,1.34269662921348,1.79469026548673,1.94715447154472,2.56741108354012,2.28758169934641,2.46516659454781,3.32237623762376,2.4107071514183,1.82411067193676,1.43549783549784,2.08947368421053,1.54529411764706,1.96848989298454,2.11540749553837,2.33095662507427,2.18127608825283,2.00060422960725,2.03911980440098,1.93858079904592,2.32183908045977,2.1810291382517,2.36560432952495,1.73389021479714,2.31189903846154,1.96282754418038,1.66235366605052,2.49087591240876,1.58922155688623,1.76628810520024,1.67757255936675,1.90169759178839,2.8363201911589,1.40235294117647,2.05647208121827,3.11953883495146,1.31938715380083,2.6480920654149,1.70644391408115,3.08298507462687
2016,11.6,1.45467523197716,1.44768683274021,1.61520912547529,1.38444924406048,1.42078853046595,1.33919774806474,1.58732612055641,1.8862660944206,2.44237918215613,2.19927797833935,2.41748333986672,3.40070175438597,2.42474444836094,1.87618048268625,1.43687707641196,2.1315649867374,1.54511478910838,1.98715313463515,2.11913357400722,2.3191161356629,2.17471736896197,2.0,2.06478578892372,1.93018480492813,2.30741127348643,2.10192102454642,2.41507485802788,1.78630278063852,2.32507739938081,1.94830287206266,1.64225053078556,2.48,1.54568921011874,1.69834710743802,1.66329398538505,1.84798598949212,2.86086650228954,1.4136460554371,2.00167597765363,3.12034538586077,1.39174705251876,2.7093023255814,1.72755417956656,3.3236074270557,1.48381994823908,1.51190945058457,1.65024208656905,1.42980331241933,1.47420985328053,1.34335679080134,1.70155946295085,1.89838412293,2.51363066928429,2.25144375898169,2.44392622847991,3.35079202272325,2.41786886053903,1.84920767150292,1.44711010524933,2.11292372547807,1.54695567142101,1.97254862811665,2.12332386896384,2.32636850877031,2.17813225960105,2.00011204360937,2.05264612748339,1.93714753959702,2.32266046439431,2.14342796733066,2.39115107162747,1.76060257093501,2.3169453991341,1.97069756840998,1.65443455365775,2.49305621365816,1.57942838398243,1.72602851346616,1.67333668113983,1.86961637450558,2.85184616315427,1.40830411818469,2.03281531720886,3.12065776540015,1.36009608599901,2.68742010151163,1.71944164457952,3.19840499239886
2017,11.2,1.42076864118237,1.37617025826366,1.58578867411326,1.3609562034474,1.38122999288628,1.32675519896765,1.50562377412761,1.89876958283055,2.3630925158368,2.15201413850497,2.39780782938346,3.35065063101248,2.44961626424162,1.88116433645277,1.41516554609684,2.13266206799023,1.54614661152618,1.99474674468638,2.10043227205186,2.3160814536265,2.13766961278046,1.98762226484875,2.06722396908963,1.92755043159954,2.30372388760033,2.06949624464302,2.4042460249741,1.79789617677649,2.33201984703134,1.90431954298957,1.62734875606179,2.45832967684782,1.50123069930996,1.68934238370991,1.66507408866493,1.81361420844856,2.86427368022156,1.41273697344827,1.95314585265254,3.13845947818204,1.40238846394813,2.76079698778714,1.73333380591037,3.42876139048295,1.45467523197716,1.44768683274021,1.61520912547529,1.38444924406048,1.42078853046595,1.33919774806474,1.58732612055641,1.8862660944206,2.44237918215613,2.19927797833935,2.41748333986672,3.40070175438597,2.42474444836094,1.87618048268625,1.43687707641196,2.1315649867374,1.54511478910838,1.98715313463515,2.11913357400722,2.3191161356629,2.17471736896197,2.0,2.06478578892372,1.93018480492813,2.30741127348643,2.10192102454642,2.41507485802788,1.78630278063852,2.32507739938081,1.94830287206266,1.64225053078556,2.48,1.54568921011874,1.69834710743802,1.66329398538505,1.84798598949212,2.86086650228954,1.4136460554371,2.00167597765363,3.12034538586077,1.39174705251876,2.7093023255814,1.72755417956656,3.3236074270557
2018,11.0,1.38893690579084,1.32439446366782,1.57318224740321,1.38746690203001,1.38173913043478,1.30468085106383,1.51948051948052,1.93865030674847,2.30211202938476,2.13768755516328,2.39250972762646,3.11535162950257,2.49740708729473,1.84428327645051,1.38709677419355,2.10452517527087,1.55369774919614,1.98518995492595,2.06193548387097,2.323264781491,2.05290322580645,1.95287958115183,2.05089226701917,1.93721682847896,2.33268101761252,2.06653225806452,2.33204134366925,1.77992277992278,2.33462783171521,1.84660961158657,1.61420982735724,2.43598161523309,1.46044098573281,1.7150225660864,1.68947671075331,1.74946558358273,2.861697544162,1.40089801154586,1.89896193771626,3.19097449313277,1.37218287186091,2.86153846153846,1.7341935483871,3.49326491340603,1.42076864118237,1.37617025826366,1.58578867411326,1.3609562034474,1.38122999288628,1.32675519896765,1.50562377412761,1.89876958283055,2.3630925158368,2.15201413850497,2.39780782938346,3.35065063101248,2.44961626424162,1.88116433645277,1.41516554609684,2.13266206799023,1.54614661152618,1.99474674468638,2.10043227205186,2.3160814536265,2.13766961278046,1.98762226484875,2.06722396908963,1.92755043159954,2.30372388760033,2.06949624464302,2.4042460249741,1.79789617677649,2.33201984703134,1.90431954298957,1.62734875606179,2.45832967684782,1.50123069930996,1.68934238370991,1.66507408866493,1.81361420844856,2.86427368022156,1.41273697344827,1.95314585265254,3.13845947818204,1.40238846394813,2.76079698778714,1.73333380591037,3.42876139048295
