year,Natenvir,Natheal,Natcity,Natcrime,Natdrug,Nateduc,Natrace,Natarms,Nataid,Natfare,Courts,Attend,Reliten,Happy,Hapmar,Health,Life,Helpful,Fair,Trust,Confinan,Conbus,Conclerg,Coneduc,Confed,Conlabor,Conpress,Conmedic,Contv,Conjudge,Consci,Conlegis,Conarmy,Aged,Satjob,Finalter,Finrela,Getahead,Divlaw,Premarsx,Xmarsex,Homosex,Pornlaw,News
1972,carried,carried,carried,carried,carried,carried,carried,carried,carried,carried,extract,extract,carried,extract,carried,extract,carried,extract,extract,extract,carried,carried,carried,carried,carried,carried,carried,carried,carried,carried,carried,carried,carried,carried,extract,extract,extract,carried,carried,extract,carried,carried,carried,extract
1973,extract,extract,extract,extract,extract,extract,extract,extract,extract,extract,extract,extract,carried,extract,extract,extract,extract,extract,extract,extract,carried,extract,extract,extract,extract,extract,extract,extract,extract,extract,extract,extract,extract,extract,extract,extract,extract,extract,carried,carried,extract,extract,extract,carried
1974,extract,extract,extract,extract,extract,extract,extract,extract,extract,extract,extract,extract,extract,extract,extract,extract,extract,carried,carried,carried,carried,extract,extract,extract,extract,extract,extract,extract,extract,extract,extract,extract,extract,carried,extract,extract,extract,extract,extract,extract,extract,extract,carried,carried
1975,extract,extract,extract,extract,extract,extract,extract,extract,extract,extract,extract,extract,extract,extract,extract,extract,carried,extract,extract,extract,extract,extract,extract,extract,extract,extract,extract,extract,extract,extract,extract,extract,extract,extract,extract,extract,extract,carried,extract,extract,carried,carried,extract,extract
1976,extract,extract,extract,extract,extract,extract,extract,extract,extract,extract,extract,extract,extract,extract,extract,extract,extract,extract,extract,extract,extract,extract,extract,extract,extract,extract,extract,extract,extract,extract,extract,extract,extract,extract,extract,extract,extract,extract,extract,carried,extract,extract,extract,carried
1977,extract,extract,extract,extract,extract,extract,extract,extract,extract,extract,extract,extract,extract,extract,extract,extract,extract,carried,carried,carried,extract,extract,extract,extract,extract,extract,extract,extract,extract,extract,extract,extract,extract,carried,extract,extract,extract,extract,extract,extract,extract,extract,carried,extract
1978,extract,extract,extract,extract,extract,extract,extract,extract,extract,extract,extract,extract,extract,extract,extract,carried,carried,extract,extract,extract,extract,extract,extract,extract,extract,extract,extract,extract,extract,extract,extract,extract,extract,extract,extract,extract,extract,carried,extract,extract,carried,carried,extract,extract
1979,carried,carried,carried,carried,carried,carried,carried,carried,carried,carried,carried,carried,carried,carried,carried,carried,carried,carried,carried,carried,carried,carried,carried,carried,carried,carried,carried,carried,carried,carried,carried,carried,carried,carried,carried,carried,carried,carried,carried,carried,carried,carried,carried,carried
1980,extract,extract,extract,extract,extract,extract,extract,extract,extract,extract,extract,extract,extract,extract,extract,extract,extract,extract,extract,extract,extract,extract,extract,extract,extract,extract,extract,extract,extract,extract,extract,extract,extract,extract,extract,extract,extract,extract,carried,carried,extract,extract,extract,carried
1981,carried,carried,carried,carried,carried,carried,carried,carried,carried,carried,carried,carried,carried,carried,carried,carried,carried,carried,carried,carried,carried,carried,carried,carried,carried,carried,carried,carried,carried,carried,carried,carried,carried,carried,carried,carried,carried,carried,carried,carried,carried,carried,carried,carried
1982,extract,extract,extract,extract,extract,extract,extract,extract,extract,extract,extract,extract,extract,extract,extract,extract,extract,carried,carried,carried,extract,extract,extract,extract,extract,extract,extract,extract,extract,extract,extract,extract,extract,carried,extract,extract,extract,extract,extract,extract,extract,extract,carried,extract
1983,extract,extract,extract,extract,extract,extract,extract,extract,extract,extract,extract,extract,extract,extract,extract,carried,carried,extract,extract,extract,extract,extract,extract,extract,extract,extract,extract,extract,extract,extract,extract,extract,extract,extract,extract,extract,extract,carried,extract,extract,carried,carried,extract,extract
1984,extract,extract,extract,extract,extract,extract,extract,extract,extract,extract,extract,extract,extract,extract,extract,extract,extract,extract,extract,extract,extract,extract,extract,extract,extract,extract,extract,extract,extract,extract,extract,extract,extract,extract,extract,extract,extract,extract,carried,carried,extract,extract,extract,carried
1985,extract,extract,extract,extract,extract,extract,extract,extract,extract,extract,extract,extract,extract,extract,extract,extract,extract,carried,carried,carried,carried,carried,carried,carried,carried,carried,carried,carried,carried,carried,carried,carried,carried,carried,extract,extract,extract,extract,extract,extract,extract,extract,carried,extract
1986,extract,extract,extract,extract,extract,extract,extract,extract,extract,extract,extract,extract,extract,extract,extract,carried,carried,extract,extract,extract,extract,extract,extract,extract,extract,extract,extract,extract,extract,extract,extract,extract,extract,extract,extract,extract,extract,carried,extract,extract,carried,carried,extract,extract
1987,extract,extract,extract,extract,extract,extract,extract,extract,extract,extract,extract,extract,extract,extract,extract,extract,extract,extract,extract,extract,extract,extract,extract,extract,extract,extract,extract,extract,extract,extract,extract,extract,extract,extract,extract,extract,extract,extract,carried,carried,extract,extract,extract,extract
1988,extract,extract,extract,extract,extract,extract,extract,extract,extract,extract,extract,extract,extract,extract,extract,extract,extract,extract,extract,extract,extract,extract,extract,extract,extract,extract,extract,extract,extract,extract,extract,extract,extract,extract,extract,extract,extract,extract,extract,extract,extract,extract,extract,extract
1989,extract,extract,extract,extract,extract,extract,extract,extract,extract,extract,extract,extract,extract,extract,extract,extract,extract,extract,extract,extract,extract,extract,extract,extract,extract,extract,extract,extract,extract,extract,extract,extract,extract,extract,extract,extract,extract,extract,extract,extract,extract,extract,extract,extract
1990,extract,extract,extract,extract,extract,extract,extract,extract,extract,extract,extract,extract,extract,extract,extract,extract,extract,extract,extract,extract,extract,extract,extract,extract,extract,extract,extract,extract,extract,extract,extract,extract,extract,extract,extract,extract,extract,extract,extract,extract,extract,extract,extract,extract
1991,extract,extract,extract,extract,extract,extract,extract,extract,extract,extract,extract,extract,extract,extract,extract,extract,extract,extract,extract,extract,extract,extract,extract,extract,extract,extract,extract,extract,extract,extract,extract,extract,extract,extract,extract,extract,extract,extract,extract,extract,extract,extract,extract,extract
1992,carried,carried,carried,carried,carried,carried,carried,carried,carried,carried,carried,carried,carried,carried,carried,carried,carried,carried,carried,carried,carried,carried,carried,carried,carried,carried,carried,carried,carried,carried,carried,carried,carried,carried,carried,carried,carried,carried,carried,carried,carried,carried,carried,carried
1993,extract,extract,extract,extract,extract,extract,extract,extract,extract,extract,extract,extract,extract,extract,extract,extract,extract,extract,extract,extract,extract,extract,extract,extract,extract,extract,extract,extract,extract,extract,extract,extract,extract,extract,extract,extract,extract,extract,extract,extract,extract,extract,extract,extract
1994,extract,extract,extract,extract,extract,extract,extract,extract,extract,extract,extract,extract,extract,extract,extract,extract,extract,extract,extract,extract,extract,extract,extract,extract,extract,extract,extract,extract,extract,extract,extract,extract,extract,extract,extract,extract,extract,extract,extract,extract,extract,extract,extract,extract
1995,carried,carried,carried,carried,carried,carried,carried,carried,carried,carried,carried,carried,carried,carried,carried,carried,carried,carried,carried,carried,carried,carried,carried,carried,carried,carried,carried,carried,carried,carried,carried,carried,carried,carried,carried,carried,carried,carried,carried,carried,carried,carried,carried,carried
1996,extract,extract,extract,extract,extract,extract,extract,extract,extract,extract,extract,extract,extract,extract,extract,extract,extract,extract,extract,extract,extract,extract,extract,extract,extract,extract,extract,extract,extract,extract,extract,extract,extract,extract,extract,extract,extract,extract,extract,extract,extract,extract,extract,extract
1997,carried,carried,carried,carried,carried,carried,carried,carried,carried,carried,carried,carried,carried,carried,carried,carried,carried,carried,carried,carried,carried,carried,carried,carried,carried,carried,carried,carried,carried,carried,carried,carried,carried,carried,carried,carried,carried,carried,carried,carried,carried,carried,carried,carried
1998,extract,extract,extract,extract,extract,extract,extract,extract,extract,extract,extract,extract,extract,extract,extract,extract,extract,extract,extract,extract,extract,extract,extract,extract,extract,extract,extract,extract,extract,extract,extract,extract,extract,extract,extract,extract,extract,extract,extract,extract,extract,extract,extract,extract
1999,carried,carried,carried,carried,carried,carried,carried,carried,carried,carried,carried,carried,carried,carried,carried,carried,carried,carried,carried,carried,carried,carried,carried,carried,carried,carried,carried,carried,carried,carried,carried,carried,carried,carried,carried,carried,carried,carried,carried,carried,carried,carried,carried,carried
2000,extract,extract,extract,extract,extract,extract,extract,extract,extract,extract,extract,extract,extract,extract,extract,extract,extract,extract,extract,extract,extract,extract,extract,extract,extract,extract,extract,extract,extract,extract,extract,extract,extract,extract,extract,extract,extract,extract,extract,extract,extract,extract,extract,extract
2001,carried,carried,carried,carried,carried,carried,carried,carried,carried,carried,carried,carried,carried,carried,carried,carried,carried,carried,carried,carried,carried,carried,carried,carried,carried,carried,carried,carried,carried,carried,carried,carried,carried,carried,carried,carried,carried,carried,carried,carried,carried,carried,carried,carried
2002,extract,extract,extract,extract,extract,extract,extract,extract,extract,extract,extract,extract,extract,extract,extract,extract,extract,extract,extract,extract,extract,extract,extract,extract,extract,extract,extract,extract,extract,extract,extract,extract,extract,extract,extract,extract,extract,extract,extract,extract,extract,extract,extract,extract
2003,carried,carried,carried,carried,carried,carried,carried,carried,carried,carried,carried,carried,carried,carried,carried,carried,carried,carried,carried,carried,carried,carried,carried,carried,carried,carried,carried,carried,carried,carried,carried,carried,carried,carried,carried,carried,carried,carried,carried,carried,carried,carried,carried,carried
2004,extract,extract,extract,extract,extract,extract,extract,extract,extract,extract,extract,extract,extract,extract,extract,extract,extract,extract,extract,extract,extract,extract,extract,extract,extract,extract,extract,extract,extract,extract,extract,extract,extract,extract,extract,extract,extract,extract,extract,extract,extract,extract,extract,extract
2005,carried,carried,carried,carried,carried,carried,carried,carried,carried,carried,carried,carried,carried,carried,carried,carried,carried,carried,carried,carried,carried,carried,carried,carried,carried,carried,carried,carried,carried,carried,carried,carried,carried,carried,carried,carried,carried,carried,carried,carried,carried,carried,carried,carried
2006,extract,extract,extract,extract,extract,extract,extract,extract,extract,extract,extract,extract,extract,extract,extract,extract,extract,extract,extract,extract,extract,extract,extract,extract,extract,extract,extract,extract,extract,extract,extract,extract,extract,extract,extract,extract,extract,extract,extract,extract,extract,extract,extract,extract
2007,carried,carried,carried,carried,carried,carried,carried,carried,carried,carried,carried,carried,carried,carried,carried,carried,carried,carried,carried,carried,carried,carried,carried,carried,carried,carried,carried,carried,carried,carried,carried,carried,carried,carried,carried,carried,carried,carried,carried,carried,carried,carried,carried,carried
2008,extract,extract,extract,extract,extract,extract,extract,extract,extract,extract,extract,extract,extract,extract,extract,extract,extract,extract,extract,extract,extract,extract,extract,extract,extract,extract,extract,extract,extract,extract,extract,extract,extract,extract,extract,extract,extract,extract,extract,extract,extract,extract,extract,extract
2009,carried,carried,carried,carried,carried,carried,carried,carried,carried,carried,carried,carried,carried,carried,carried,carried,carried,carried,carried,carried,carried,carried,carried,carried,carried,carried,carried,carried,carried,carried,carried,carried,carried,carried,carried,carried,carried,carried,carried,carried,carried,carried,carried,carried
2010,extract,extract,extract,extract,extract,extract,extract,extract,extract,extract,extract,extract,extract,extract,extract,extract,extract,extract,extract,extract,extract,extract,extract,extract,extract,extract,extract,extract,extract,extract,extract,extract,extract,extract,extract,extract,extract,extract,extract,extract,extract,extract,extract,extract
2011,carried,carried,carried,carried,carried,carried,carried,carried,carried,carried,carried,carried,carried,carried,carried,carried,carried,carried,carried,carried,carried,carried,carried,carried,carried,carried,carried,carried,carried,carried,carried,carried,carried,carried,carried,carried,carried,carried,carried,carried,carried,carried,carried,carried
2012,extract,extract,extract,extract,extract,extract,extract,extract,extract,extract,extract,extract,extract,extract,extract,extract,extract,extract,extract,extract,extract,extract,extract,extract,extract,extract,extract,extract,extract,extract,extract,extract,extract,extract,extract,extract,extract,extract,extract,extract,extract,extract,extract,extract
2013,carried,carried,carried,carried,carried,carried,carried,carried,carried,carried,carried,carried,carried,carried,carried,carried,carried,carried,carried,carried,carried,carried,carried,carried,carried,carried,carried,carried,carried,carried,carried,carried,carried,carried,carried,carried,carried,carried,carried,carried,carried,carried,carried,carried
2014,extract,extract,extract,extract,extract,extract,extract,extract,extract,extract,extract,extract,extract,extract,extract,extract,extract,extract,extract,extract,extract,extract,extract,extract,extract,extract,extract,extract,extract,extract,extract,extract,extract,extract,extract,extract,extract,extract,extract,extract,extract,extract,extract,extract
2015,carried,carried,carried,carried,carried,carried,carried,carried,carried,carried,carried,carried,carried,carried,carried,carried,carried,carried,carried,carried,carried,carried,carried,carried,carried,carried,carried,carried,carried,carried,carried,carried,carried,carried,carried,carried,carried,carried,carried,carried,carried,carried,carried,carried
2016,extract,extract,extract,extract,extract,extract,extract,extract,extract,extract,extract,extract,extract,extract,extract,extract,extract,extract,extract,extract,extract,extract,extract,extract,extract,extract,extract,extract,extract,extract,extract,extract,extract,extract,extract,extract,extract,extract,extract,extract,extract,extract,extract,extract
2017,carried,carried,carried,carried,carried,carried,carried,carried,carried,carried,carried,carried,carried,carried,carried,carried,carried,carried,carried,carried,carried,carried,carried,carried,carried,carried,carried,carried,carried,carried,carried,carried,carried,carried,carried,carried,carried,carried,carried,carried,carried,carried,carried,carried
2018,extract,extract,extract,extract,extract,extract,extract,extract,extract,extract,extract,extract,extract,extract,extract,extract,extract,extract,extract,extract,extract,extract,extract,extract,extract,extract,extract,extract,extract,extract,extract,extract,extract,extract,extract,extract,extract,extract,extract,extract,extract,extract,extract,extract
