item,question,response_options,respondent_scope,wording_source
Happy,"Taken all together, how would you say things are these days—would you say that you are very happy, pretty happy, or not too happy?",1 = very happy; 2 = pretty happy; 3 = not too happy.,Asked of all respondents.,https://sda.berkeley.edu/GSS/Doc/gss009.html#HAPPY
Hapmar,"Taking things all together, how would you describe your marriage? Would you say that your marriage is very happy, pretty happy, or not too happy?",1 = very happy; 2 = pretty happy; 3 = not too happy.,Currently married respondents.,https://sda.berkeley.edu/GSS/Doc/gss009.html#HAPMAR
Health,"Would you say your own health, in general, is excellent, good, fair, or poor?",1 = excellent; 2 = good; 3 = fair; 4 = poor.,Asked of all respondents.,https://sda.berkeley.edu/GSS/Doc/gss009.html#HEALTH
Life,"In general, do you find life exciting, pretty routine, or dull?",1 = exciting; 2 = routine; 3 = dull.,Asked of all respondents.,https://sda.berkeley.edu/GSS/Doc/gss009.html#LIFE
Satjob,"On the whole, how satisfied are you with the work you do—would you say you are very satisfied, moderately satisfied, a little dissatisfied, or very dissatisfied?",1 = very satisfied; 2 = moderately satisfied; 3 = a little dissatisfied; 4 = very dissatisfied.,"Asked only of respondents currently working, temporarily not at work, or keeping house (the item covers housework as well as paid work).",https://sda.berkeley.edu/GSS/Doc/gss011.html#SATJOB
Helpful,"Would you say that most of the time people try to be helpful, or that they are mostly just looking out for themselves?",1 = try to be helpful; 2 = just look out for themselves; 3 = depends.,Asked of all respondents.,https://sda.berkeley.edu/GSS/Doc/gss009.html#HELPFUL
Fair,"Do you think most people would try to take advantage of you if they got a chance, or would they try to be fair?",1 = would take advantage of you; 2 = would try to be fair; 3 = depends.,Asked of all respondents.,https://sda.berkeley.edu/GSS/Doc/gss009.html#FAIR
Trust,"Generally speaking, would you say that most people can be trusted or that you can't be too careful in dealing with people?",1 = can trust; 2 = cannot trust (can't be too careful); 3 = depends.,Asked of all respondents.,https://sda.berkeley.edu/GSS/Doc/gss009.html#TRUST
Finrela,"Compared with American families in general, would you say your family income is far below average, below average, average, above average, or far above average?",1 = far below average; 2 = below average; 3 = average; 4 = above average; 5 = far above average.,Asked of all respondents.,https://sda.berkeley.edu/GSS/Doc/gss012.html#FINRELA
Finalter,"During the last few years, has your financial situation been getting better, worse, or has it stayed the same?",1 = better; 2 = worse; 3 = stayed the same.,Asked of all respondents.,https://sda.berkeley.edu/GSS/Doc/gss012.html#FINALTER
News,"How often do you read the newspaper—every day, a few times a week, once a week, less than once a week, or never?",1 = every day; 2 = a few times a week; 3 = once a week; 4 = less than once a week; 5 = never.,Asked of all respondents.,https://sda.berkeley.edu/GSS/Doc/gss014.html#NEWS
