,NATENVIR,NATHEAL,NATCITY,NATCRIME,NATDRUG,NATEDUC,NATRACE,NATARMS,NATAID,NATFARE,COURTS,ATTEND,RELITEN,HAPPY,HAPMAR,HEALTH,LIFE,HELPFUL,FAIR,TRUST,CONFINAN,CONBUS,CONCLERG,CONEDUC,CONFED,CONLABOR,CONPRESS,CONMEDIC,CONTV,CONJUDGE,CONSCI,CONLEGIS,CONARMY,AGED,SATJOB,FINALTER,FINRELA,GETAHEAD,DIVLAW,PREMARSX,XMARSEX,HOMOSEX,PORNLAW,NEWS
NATENVIR,1.0,0.2910752307173191,0.23776544059419866,0.11979484701629504,0.1428960728125979,0.26032610322783006,0.23074499456485367,-0.13337435346080811,0.06771233010756526,0.1467222646627228,0.048793145281839465,0.08952616601047887,-0.0874321004322068,-0.04004461128227521,-0.020355455170498745,0.04166218081214535,0.031155333608422667,-0.02256389798207678,0.04733932892945891,-0.020052011855104183,-0.07647512046661732,-0.06609889525035456,-0.06100585242491811,0.0017527381264206597,-0.019210120309606515,0.07128918936548945,0.050432488898668554,-0.012460098528719685,-0.002563978128582573,0.04751086340362032,0.06039501845706761,0.023126683158201728,-0.07919159730668128,0.06790856051033825,-0.06448123322982895,0.042966183165405694,0.011156097996220669,-0.019268383803355514,0.08990382052001784,-0.1621014002730181,-0.06848301342794584,-0.15678308306878563,-0.08980845422023073,-0.02421691352744832
NATHEAL,0.2910752307173191,1.0,0.2531718711040964,0.18673194238040416,0.20262729769195134,0.27189648168066777,0.22393304089968297,-0.06236870048167782,0.02104931678078362,0.1723180558466703,0.017167317150404777,0.05007057487063764,-0.028581838427344564,-0.042330301936488554,-0.019971895226414883,-0.030825774669309507,-0.029749165108113013,-0.03077345773201199,0.05925179248610135,-0.03365324489751529,-0.0631052295349374,-0.08353842892200118,-0.035905543869180157,0.003944468601402643,-0.03993208080120082,0.06772097457796207,0.02303023721772383,-0.04222283022599842,-0.003608085928881325,-0.006348673613759117,-0.011250039646972756,0.0032312829124547643,-0.05738275072334016,0.02368986898682095,-0.04243170915767388,-0.014680263805008795,0.06277838519479179,-0.032636028816411755,0.05524264589412103,-0.0832219185033173,-0.0339012999131216,-0.07473036470766632,-0.024456527848718903,0.00878228269893332
NATCITY,0.23776544059419866,0.2531718711040964,1.0,0.25409342397800444,0.23026058005074998,0.2300577360898913,0.3222061409410451,-0.08713061563050917,0.09616696384405297,0.18213417377523103,0.03693926022857674,0.024000174778963178,-0.01591812832634303,-0.03329693300910243,-0.016824171277498683,0.026975877311718844,0.016004722093738065,-0.019459801894703293,0.04217960752779855,-0.03990818008127181,-0.030147658348247723,-0.044566849964992675,-0.01537285252070463,0.028205785336544515,-0.006221775694780372,0.08904361783064904,0.052018915065578854,-0.012990926281538017,0.020709062257498956,0.03278549867846636,0.021984489104046403,0.03999835923537791,-0.05856384883377133,0.0453277045168574,-0.04600640013089671,0.01688953202746416,0.009922483566423375,-0.018379044370789608,0.0749668478414806,-0.07869078339358616,-0.04735035521462646,-0.09134639556211281,-0.046420346752799116,-0.00041921763911890607
NATCRIME,0.11979484701629504,0.18673194238040416,0.25409342397800444,1.0,0.38098012861101754,0.1520799017158975,0.14616794297955352,0.06366010305568318,-0.024625036162981565,0.04851681860104562,-0.1314939099890875,-0.03180549766197392,0.04968724256252879,0.0030798153676998147,0.014269356759008093,-0.01827884498890945,-0.029989773394156632,-0.02161044184629187,0.034290767353405194,-0.050615040238105834,0.007020088053529607,0.005687803510088945,0.04104729681123271,0.017822285392874285,0.006629078114475816,0.015128506112257861,0.011474000204336908,0.013190268367745558,0.03671565386349208,-0.017546640822703914,-0.026802740841013865,0.012814285011958288,0.022375388419725615,-0.01752445047434531,0.005692610907115502,0.003143542387845103,0.01570759578938719,0.025161676622162156,-0.022958662551494313,0.01614365917926823,0.05323729572862575,0.04459744080308851,0.052437123596889366,0.025174814890070004
NATDRUG,0.1428960728125979,0.20262729769195134,0.23026058005074998,0.38098012861101754,1.0,0.18663384223842622,0.2163442480080294,0.015739870432103443,0.032071098107909535,0.11301543243629385,-0.04379818488718477,-0.04240855252374453,0.05426525383228198,-0.017197111177109946,-0.009178959136987032,-0.03172797244512906,-0.03439726558030737,-0.007310545822021743,0.023386877366670517,-0.023539762995259814,-0.002440548808472115,-0.010985111940064912,0.041791757745215666,0.042523505231214995,0.009428398810915785,0.03176044211295684,0.019509365997600843,0.00043513260736197654,0.033156041738237295,0.0007198197204691322,-0.01849807735583102,0.03062597332751151,0.020029436342408755,-0.003936203976315282,0.0030883931030196237,-0.00016855208737048236,0.03777678342718052,0.023123605117480527,-0.020244125990753935,0.029715532203824422,0.04670751040469161,0.04478736439956524,0.05110991918638681,0.01841290240859734
NATEDUC,0.26032610322783006,0.27189648168066777,0.2300577360898913,0.1520799017158975,0.18663384223842622,1.0,0.2741184460627485,-0.058024579802449607,0.04569923101744107,0.14517860237040103,0.039322304154151146,0.04384901171954473,-0.04069955329405626,-0.019054760513355345,-0.009494865990258158,0.029713375339482796,0.021551095787565668,-0.021837488589409176,0.047500538963126074,-0.018648654041045862,-0.08445179981184865,-0.0627943170704838,-0.04676432672843472,-0.027603490758051442,-0.049135476121814986,0.05459667076258249,-0.01701424212915926,-0.027310334092590396,-0.016062588123319305,0.01770263043921025,0.01915350211491802,-0.02177199805220093,-0.047375192123814885,0.061913430080633915,-0.027457989155567134,0.01949697070781471,0.008500295920213985,-0.007400340623473387,0.05399120525508928,-0.11992646381262256,-0.025735258072008934,-0.1344812433853991,-0.05866607510481461,-0.045928952326369794
NATRACE,0.23074499456485367,0.22393304089968297,0.3222061409410451,0.14616794297955352,0.2163442480080294,0.2741184460627485,1.0,-0.14582970654881072,0.17285052967591924,0.3294159734718848,0.12680085608530905,-0.008409326297027434,-0.002686944529128388,-0.04348185194715124,-0.02015898216091769,0.0035043865932849806,0.014145750275534549,-0.002637700091128815,0.02402540720337314,-0.015896509822324736,-0.05037396683126756,-0.05872543791116511,0.002754267850274169,0.06055852372827094,-0.004182051706695433,0.10539937373259871,0.039732574994870914,-0.0010283548345176147,0.030980742021821682,0.059054871329429416,-0.0032272646108057945,0.040592594234820374,-0.06815091240354787,0.0810501569329226,-0.03530736889525395,0.015057827478917584,0.046351573414889484,-0.014875087242423405,0.12245678273675163,-0.08844219248127919,-0.06720060659157127,-0.13131744747419888,-0.07890924452117629,-0.037726833365172394
NATARMS,-0.13337435346080811,-0.06236870048167782,-0.08713061563050917,0.06366010305568318,0.015739870432103443,-0.058024579802449607,-0.14582970654881072,1.0,0.012064731611624665,-0.10825680087663513,-0.10027741767417568,-0.06234624666996769,0.09391703144822047,0.04430612433357378,0.035338139142817,-0.06396177242233822,-0.02552307282322365,-0.007631671666344192,0.026559713680168837,-0.054305384543889196,0.0797101375745031,0.06799460687944023,0.08058855456340208,-0.003320459372728476,0.05509560600413588,-0.015666892403058585,-0.053265371039710706,0.006528100606221059,0.027897560891398,-0.021896883432304344,-0.038430920896018995,0.00805736922464025,0.24896516128084767,-0.043939147949169824,0.05676493687662963,-0.019674502455671695,0.011435231460985023,0.06004982293935073,-0.08071481837340785,0.1095054756319178,0.10083248540224517,0.1472196200739693,0.10166516832737048,-0.021875103648187004
NATAID,0.06771233010756526,0.02104931678078362,0.09616696384405297,-0.024625036162981565,0.032071098107909535,0.04569923101744107,0.17285052967591924,0.012064731611624665,1.0,0.21009718801471128,0.1275268056343206,-0.022490612018793446,0.009203121601532832,-0.0005157296565147917,0.0014896095425240604,0.03881648034527579,0.046449076361638225,0.008032469878019253,0.0016404364933341657,-0.003814197136197933,0.02891647220432768,0.009046055200015836,0.032034797677784034,0.08450888232419243,0.09822873991038465,0.09218405259548497,0.039059510218908286,0.02122252158767022,0.0264797340990131,0.0720255571881826,0.020958889419368503,0.08632336069081958,0.02265186329350957,0.08424931575415864,-0.005895355791373609,0.03493251431146057,-0.006996215977873595,-0.0013639493269148868,0.06389356642253434,-0.009447997691307603,-0.028105244760146548,-0.08083850417834075,-0.03294732272492608,-0.08473275021291493
NATFARE,0.1467222646627228,0.1723180558466703,0.18213417377523103,0.04851681860104562,0.11301543243629385,0.14517860237040103,0.3294159734718848,-0.10825680087663513,0.21009718801471128,1.0,0.1637816525326491,0.04504807280216509,-0.016034012446355723,-0.09393160378574614,-0.03514598475489827,-0.08266632661887881,-0.034362200567046246,-0.03196208592732688,0.04910529443343492,-0.040120647085791404,-0.041896536613898624,-0.08982294934080547,0.0036886505478297437,0.0722704695046177,-0.0005586961361774382,0.12360704376543129,0.07080638926607985,-0.003459598949188749,0.07758755616781951,0.027232053305442955,-0.02104163437804177,0.05375700481966559,-0.04629846946837958,0.08680151001144559,-0.07497359018348997,-0.07920556440471016,0.13812204209134774,-0.06016572600316563,0.11889115172109804,-0.0688283794701197,-0.0715462595656784,-0.08075975742557326,-0.06285884087310886,-0.05225870720678639
COURTS,0.048793145281839465,0.017167317150404777,0.03693926022857674,-0.1314939099890875,-0.04379818488718477,0.039322304154151146,0.12680085608530905,-0.10027741767417568,0.1275268056343206,0.1637816525326491,1.0,0.07883737256835928,-0.07916148405013788,-0.05437956842340964,-0.045584471587595786,-0.010826764914181563,0.02354422138656035,-0.0059575475302363215,0.016745356979520707,0.01631503973096229,-0.06341675225126679,-0.06203580218481852,-0.0426408109325246,0.02223817633110514,-0.010609142881362336,0.05805439370567292,0.005374265873119549,-0.016334673786659957,-0.0006119543594401547,-0.002714483358328675,0.02011999091855735,-0.030233366051658297,-0.022012883761371952,0.08010000803811095,-0.0545788856916433,-0.024947618007238003,0.031167101199544283,-0.05630228681747206,0.12403863387344466,-0.10333651970539484,-0.10272651628356222,-0.15169840184828956,-0.12270165819062567,-0.09458599526310305
ATTEND,0.08952616601047887,0.05007057487063764,0.024000174778963178,-0.03180549766197392,-0.04240855252374453,0.04384901171954473,-0.008409326297027434,-0.06234624666996769,-0.022490612018793446,0.04504807280216509,0.07883737256835928,1.0,-0.6376773770147771,-0.13197622159418027,-0.09027086515126265,-0.04890194858366201,-0.09533303246773905,-0.07407870125079101,0.08907521825572592,-0.03925598080910919,-0.09102634262645398,-0.06097735132181546,-0.28953730798848554,-0.07577604769328376,-0.0825005700988804,0.02604206331386184,0.024460642133951667,-0.036954583259775985,0.05248570039284095,-0.000985528185737638,0.06440453668554612,-0.08362859171152869,-0.04708669170379005,0.017853831252284375,-0.10272490012064468,-0.0082708224058819,0.029914488675363816,-0.06345514484431677,0.23494141936111687,-0.43589839486289145,-0.21074745087795083,-0.3154991414027825,-0.269868547748654,-0.1049582688693158
RELITEN,-0.0874321004322068,-0.028581838427344564,-0.01591812832634303,0.04968724256252879,0.05426525383228198,-0.04069955329405626,-0.002686944529128388,0.09391703144822047,0.009203121601532832,-0.016034012446355723,-0.07916148405013788,-0.6376773770147771,1.0,0.10583821485830873,0.10220054599498479,-0.0035963843160495435,0.062263513964319915,0.05363453662179333,-0.055222692715243375,0.011279567299741965,0.08682650177782757,0.05182499784116226,0.2883528154408449,0.06977569598010573,0.06642109056199104,-0.015294373242168617,-0.016966363694016114,0.030216432042145143,-0.01470956676942059,-0.0034656498002040423,-0.07559994817678985,0.07668190457346417,0.07462125532490997,-0.01946420860129575,0.09812987510680996,-0.0185594795593078,0.007346270238831151,0.0543442074978434,-0.20242141477191422,0.3927681169679652,0.20498716584205334,0.3107050717768669,0.24818189322715764,0.0660875225308869
HAPPY,-0.04004461128227521,-0.042330301936488554,-0.03329693300910243,0.0030798153676998147,-0.017197111177109946,-0.019054760513355345,-0.04348185194715124,0.04430612433357378,-0.0005157296565147917,-0.09393160378574614,-0.05437956842340964,-0.13197622159418027,0.10583821485830873,1.0,0.45880997528998635,0.265883649821401,0.3385743328840273,0.1435744841300185,-0.16065585949348732,0.14132330156275133,0.10085188956027784,0.13292776795245845,0.07784749717729095,0.06213275491463934,0.10315752282513661,0.003645716738274999,0.014260963554938427,0.0852530463510984,0.013822131592985584,0.08238829910733655,0.06880303366274498,0.0806267591961386,0.06205945453381372,-0.018278441789230958,0.2788709472015791,0.20863843874898436,-0.20366788861195548,0.08539905785154699,-0.08377106479547664,0.06710618586279357,0.07633479165132734,0.01572642411013133,0.06597341640076262,0.07861161918843976
HAPMAR,-0.020355455170498745,-0.019971895226414883,-0.016824171277498683,0.014269356759008093,-0.009178959136987032,-0.009494865990258158,-0.02015898216091769,0.035338139142817,0.0014896095425240604,-0.03514598475489827,-0.045584471587595786,-0.09027086515126265,0.10220054599498479,0.45880997528998635,1.0,0.1558679514527956,0.22948158111641198,0.07291575558246029,-0.09710459825858958,0.06903435376204736,0.047534889535152114,0.06780347956776492,0.060161332167923715,0.026786353443020033,0.04854364331796121,0.004270924575399597,8.900293054352464e-05,0.057999039715169246,0.009432449323077447,0.035752272340140896,0.046523477334257934,0.029931809609938197,0.038342821353589115,-0.0062152762898858615,0.1674179072907226,0.11481310398349323,-0.08913232299676901,0.05710135472404966,-0.096331089262663,0.06063892765226104,0.10722447561227279,0.019558743384452553,0.04089352674352912,0.05255178516377579
HEALTH,0.04166218081214535,-0.030825774669309507,0.026975877311718844,-0.01827884498890945,-0.03172797244512906,0.029713375339482796,0.0035043865932849806,-0.06396177242233822,0.03881648034527579,-0.08266632661887881,-0.010826764914181563,-0.04890194858366201,-0.0035963843160495435,0.265883649821401,0.1558679514527956,1.0,0.27294397405984855,0.08991462355830612,-0.11669306165781297,0.15193753160810602,0.04443387882202193,0.10919808834143517,0.010233352507638325,0.013241847337325701,0.05577565065947983,-0.004620583051206847,0.008534861388776105,0.07892961671871175,-0.031244195213306382,0.08922497029991171,0.11299228041438492,0.047932390618141224,-0.01304920992397419,0.044029036368595634,0.13452214548004154,0.19565782867521828,-0.23184245057617994,0.031637083408660775,-0.00225530263140275,-0.08175922673891318,-0.026376875362090442,-0.08702001696250225,-0.06880493783178653,0.10084374221430305
LIFE,0.031155333608422667,-0.029749165108113013,0.016004722093738065,-0.029989773394156632,-0.03439726558030737,0.021551095787565668,0.014145750275534549,-0.02552307282322365,0.046449076361638225,-0.034362200567046246,0.02354422138656035,-0.09533303246773905,0.062263513964319915,0.3385743328840273,0.22948158111641198,0.27294397405984855,1.0,0.14069091275982032,-0.12784225939630034,0.17010489686343688,0.030372771218164275,0.09469554750913697,0.018185686942407592,0.01506031683622725,0.0632764229505059,0.0021689282232017215,-0.008721350021888787,0.057022550061284205,-0.04215217122487965,0.08053948359461317,0.10639075353658402,0.056539448634067596,0.008073748898025826,0.04743141780040901,0.19831702523391026,0.1580706397367041,-0.1839390721657604,0.05683033043377587,-0.03143719965134763,-0.03827562186770139,-0.01445933038988233,-0.08739539929686639,-0.02250182080598971,0.0657181610839242
HELPFUL,-0.02256389798207678,-0.03077345773201199,-0.019459801894703293,-0.02161044184629187,-0.007310545822021743,-0.021837488589409176,-0.002637700091128815,-0.007631671666344192,0.008032469878019253,-0.03196208592732688,-0.0059575475302363215,-0.07407870125079101,0.05363453662179333,0.1435744841300185,0.07291575558246029,0.08991462355830612,0.14069091275982032,1.0,-0.42827719927306945,0.3586906944869296,0.07357731050725602,0.11721164617834488,0.07646710425798477,0.04937311070632404,0.09672206468355724,-0.019410652117338816,0.03942106086775738,0.07969857530079652,0.0035606853702412657,0.10706742478112327,0.11236754249650835,0.056373830038463656,0.03187810453520084,-0.009217165633508552,0.10536603273971398,0.0656660005717863,-0.1267124063954356,0.03603466018692659,-0.0672723749969889,0.03457769638161761,-0.009777928809873595,-0.054367158280096424,0.039730952381642586,0.1350503475595035
FAIR,0.04733932892945891,0.05925179248610135,0.04217960752779855,0.034290767353405194,0.023386877366670517,0.047500538963126074,0.02402540720337314,0.026559713680168837,0.0016404364933341657,0.04910529443343492,0.016745356979520707,0.08907521825572592,-0.055222692715243375,-0.16065585949348732,-0.09710459825858958,-0.11669306165781297,-0.12784225939630034,-0.42827719927306945,1.0,-0.4099348637236719,-0.08700438848058009,-0.12360483743868016,-0.08143198097253834,-0.048428924341004397,-0.10173887071968382,0.03032246811721149,-0.04468631624954564,-0.0871106083911503,0.015167667705597241,-0.11915768791710789,-0.1209543462500795,-0.06623740433640526,-0.022421602715406122,0.023869056883212243,-0.11677254605480379,-0.07520913518628404,0.15793439403036139,-0.05512817550055153,0.09566520199827046,-0.03638355390666506,-0.010588443921621312,0.037135277273318744,-0.04546085813769885,-0.16317658920192496
TRUST,-0.020052011855104183,-0.03365324489751529,-0.03990818008127181,-0.050615040238105834,-0.023539762995259814,-0.018648654041045862,-0.015896509822324736,-0.054305384543889196,-0.003814197136197933,-0.040120647085791404,0.01631503973096229,-0.03925598080910919,0.011279567299741965,0.14132330156275133,0.06903435376204736,0.15193753160810602,0.17010489686343688,0.3586906944869296,-0.4099348637236719,1.0,0.07267661929905571,0.13669885154528305,0.06062532114093119,0.029625754469042268,0.09400203206850696,-0.04169629317186435,0.046739685951891465,0.0862026839555378,-0.02737941248060489,0.13437990643025177,0.16050180756540627,0.04262950777350296,-0.0066914526455703035,-0.003316456506998544,0.10153158619639177,0.08802309798220487,-0.18083534912572238,0.031219840803163288,-0.0537530322747643,-0.019144310782158943,-0.050312435033308414,-0.08458357344618213,-0.015337614809303938,0.1606815726858739
CONFINAN,-0.07647512046661732,-0.0631052295349374,-0.030147658348247723,0.007020088053529607,-0.002440548808472115,-0.08445179981184865,-0.05037396683126756,0.0797101375745031,0.02891647220432768,-0.041896536613898624,-0.06341675225126679,-0.09102634262645398,0.08682650177782757,0.10085188956027784,0.047534889535152114,0.04443387882202193,0.030372771218164275,0.07357731050725602,-0.08700438848058009,0.07267661929905571,1.0,0.3075996011117555,0.2272928788501939,0.24054334172897346,0.23910972413910012,0.14503420492283742,0.20102474077297983,0.2658723603032257,0.22415149418555416,0.24951078193263607,0.17455359892734246,0.3105928158110841,0.25753227124016687,-0.032119403126895076,0.0808488980256398,0.08612850782158958,-0.06079227845721271,0.05984892756006935,-0.057954422318447364,0.10900923016017464,0.06531686756298971,0.10479373791003516,0.048167829121022646,0.07831085759463158
CONBUS,-0.06609889525035456,-0.08353842892200118,-0.044566849964992675,0.005687803510088945,-0.010985111940064912,-0.0627943170704838,-0.05872543791116511,0.06799460687944023,0.009046055200015836,-0.08982294934080547,-0.06203580218481852,-0.06097735132181546,0.05182499784116226,0.13292776795245845,0.06780347956776492,0.10919808834143517,0.09469554750913697,0.11721164617834488,-0.12360483743868016,0.13669885154528305,0.3075996011117555,1.0,0.24169824081098673,0.19241264093300628,0.2742784858853314,0.11612348924204195,0.15260853685922063,0.23853826177074747,0.16024945655391487,0.26486885368570234,0.2357528356332256,0.24134691106215317,0.21114965022418636,-0.012230601317495987,0.10932563384151942,0.1220648068890463,-0.14354957437936142,0.06387493209550835,-0.05270491208723163,0.031950770992159316,0.043717624094135286,0.032989358817186246,0.005150802708499697,0.10508770150531195
CONCLERG,-0.06100585242491811,-0.035905543869180157,-0.01537285252070463,0.04104729681123271,0.041791757745215666,-0.04676432672843472,0.002754267850274169,0.08058855456340208,0.032034797677784034,0.0036886505478297437,-0.0426408109325246,-0.28953730798848554,0.2883528154408449,0.07784749717729095,0.060161332167923715,0.010233352507638325,0.018185686942407592,0.07646710425798477,-0.08143198097253834,0.06062532114093119,0.2272928788501939,0.24169824081098673,1.0,0.2503873846079941,0.1822405375785316,0.13621742301086184,0.1234858735157052,0.18761566412302638,0.14140204581456983,0.16257668652983612,0.10452743557714653,0.20338836174395658,0.18435247144200792,2.734707703302645e-05,0.06899429326686944,0.015161585824458507,-0.01880573953168195,0.06250444602122039,-0.10521500767261321,0.1857528318634923,0.13867144501465622,0.18129946208308978,0.11100844914203768,0.07233030323145534
CONEDUC,0.0017527381264206597,0.003944468601402643,0.028205785336544515,0.017822285392874285,0.042523505231214995,-0.027603490758051442,0.06055852372827094,-0.003320459372728476,0.08450888232419243,0.0722704695046177,0.02223817633110514,-0.07577604769328376,0.06977569598010573,0.06213275491463934,0.026786353443020033,0.013241847337325701,0.01506031683622725,0.04937311070632404,-0.048428924341004397,0.029625754469042268,0.24054334172897346,0.19241264093300628,0.2503873846079941,1.0,0.26909897491210555,0.21308197394802555,0.2136060355414022,0.2691843642454637,0.22155027233218302,0.23735373815914618,0.15259704650471903,0.29051650071417484,0.18112277020323306,0.00679079279689325,0.05532158784443469,0.036055014746439414,-0.0003462087455032786,0.04149167296320698,0.006149282553200684,0.05322738031104061,0.03407885580716555,0.06546062045926038,0.01974029404035124,0.0494734461707993
CONFED,-0.019210120309606515,-0.03993208080120082,-0.006221775694780372,0.006629078114475816,0.009428398810915785,-0.049135476121814986,-0.004182051706695433,0.05509560600413588,0.09822873991038465,-0.0005586961361774382,-0.010609142881362336,-0.0825005700988804,0.06642109056199104,0.10315752282513661,0.04854364331796121,0.05577565065947983,0.0632764229505059,0.09672206468355724,-0.10173887071968382,0.09400203206850696,0.23910972413910012,0.2742784858853314,0.1822405375785316,0.26909897491210555,1.0,0.22223640933633076,0.17089838418007647,0.21114062252439195,0.1586903952482144,0.35089411200325615,0.1913087874741646,0.4412117669193765,0.2500258955109817,0.014640203957760339,0.0705591618004325,0.08000782057573891,-0.05744167401436145,0.050324055395492895,-0.03586635355109133,0.05596680177670346,0.03154638148699418,0.054697902990306815,0.015622000953367104,0.06790987196515076
CONLABOR,0.07128918936548945,0.06772097457796207,0.08904361783064904,0.015128506112257861,0.03176044211295684,0.05459667076258249,0.10539937373259871,-0.015666892403058585,0.09218405259548497,0.12360704376543129,0.05805439370567292,0.02604206331386184,-0.015294373242168617,0.003645716738274999,0.004270924575399597,-0.004620583051206847,0.0021689282232017215,-0.019410652117338816,0.03032246811721149,-0.04169629317186435,0.14503420492283742,0.11612348924204195,0.13621742301086184,0.21308197394802555,0.22223640933633076,1.0,0.21245814726085108,0.14334941477056926,0.18015031928961905,0.1631818870085274,0.11295053726468703,0.24213917266710586,0.15327340085103225,0.0510338189252443,0.0019470688344501205,0.022981774010995534,0.05137987836619931,0.011773697377698594,0.04385491061157328,-0.032007026483984596,0.006544496463152634,-0.030783074419884034,-0.04348861524988699,-0.05706034607369273
CONPRESS,0.050432488898668554,0.02303023721772383,0.052018915065578854,0.011474000204336908,0.019509365997600843,-0.01701424212915926,0.039732574994870914,-0.053265371039710706,0.039059510218908286,0.07080638926607985,0.005374265873119549,0.024460642133951667,-0.016966363694016114,0.014260963554938427,8.900293054352464e-05,0.008534861388776105,-0.008721350021888787,0.03942106086775738,-0.04468631624954564,0.046739685951891465,0.20102474077297983,0.15260853685922063,0.1234858735157052,0.2136060355414022,0.17089838418007647,0.21245814726085108,1.0,0.21627364905662164,0.3734806032309357,0.21903647708747587,0.17414793001120035,0.2780380394471079,0.06685529500071824,-0.00030996678024668975,-0.005441929540950918,0.009227157572994778,0.009324395175019625,-0.0035290326840453808,0.057282185133228754,-0.0342976246014774,-0.05116642309239856,0.019981162633994954,-0.04861144848206981,0.11061016523395831
CONMEDIC,-0.012460098528719685,-0.04222283022599842,-0.012990926281538017,0.013190268367745558,0.00043513260736197654,-0.027310334092590396,-0.0010283548345176147,0.006528100606221059,0.02122252158767022,-0.003459598949188749,-0.016334673786659957,-0.036954583259775985,0.030216432042145143,0.0852530463510984,0.057999039715169246,0.07892961671871175,0.057022550061284205,0.07969857530079652,-0.0871106083911503,0.0862026839555378,0.2658723603032257,0.23853826177074747,0.18761566412302638,0.2691843642454637,0.21114062252439195,0.14334941477056926,0.21627364905662164,1.0,0.23604337057871866,0.2572078623820541,0.29575169653337857,0.23051676718833336,0.21628372107322583,0.004535915173462993,0.05428714903901421,0.08364448254733853,-0.06072142649214135,0.04570106663341326,-0.002783576783184115,-0.007475483965971935,0.021303630193842953,0.024861359411365577,-0.023063646789415783,0.07343656543128048
CONTV,-0.002563978128582573,-0.003608085928881325,0.020709062257498956,0.03671565386349208,0.033156041738237295,-0.016062588123319305,0.030980742021821682,0.027897560891398,0.0264797340990131,0.07758755616781951,-0.0006119543594401547,0.05248570039284095,-0.01470956676942059,0.013822131592985584,0.009432449323077447,-0.031244195213306382,-0.04215217122487965,0.0035606853702412657,0.015167667705597241,-0.02737941248060489,0.22415149418555416,0.16024945655391487,0.14140204581456983,0.22155027233218302,0.1586903952482144,0.18015031928961905,0.3734806032309357,0.23604337057871866,1.0,0.18714546322592313,0.11270809185658914,0.23245296815773245,0.1478147163811497,-0.0026773757855342284,0.014395612194692377,0.001400734017985915,0.03754491779191195,0.0024518257389388193,0.07918977503412504,-0.05209884605144134,-0.011972898746901085,0.056975604029437986,-0.05933312689740699,0.02504625447190059
CONJUDGE,0.04751086340362032,-0.006348673613759117,0.03278549867846636,-0.017546640822703914,0.0007198197204691322,0.01770263043921025,0.059054871329429416,-0.021896883432304344,0.0720255571881826,0.027232053305442955,-0.002714483358328675,-0.000985528185737638,-0.0034656498002040423,0.08238829910733655,0.035752272340140896,0.08922497029991171,0.08053948359461317,0.10706742478112327,-0.11915768791710789,0.13437990643025177,0.24951078193263607,0.26486885368570234,0.16257668652983612,0.23735373815914618,0.35089411200325615,0.1631818870085274,0.21903647708747587,0.2572078623820541,0.18714546322592313,1.0,0.3424317218018316,0.393714350322589,0.23521779105191676,0.031847491921473604,0.05867941362254492,0.08684527645247274,-0.09170169403900597,0.03589294915203333,0.007533243374263492,-0.052568958193476636,-0.014555527307055335,-0.0696950102639624,-0.0562678319126343,0.07193891842616507
CONSCI,0.06039501845706761,-0.011250039646972756,0.021984489104046403,-0.026802740841013865,-0.01849807735583102,0.01915350211491802,-0.0032272646108057945,-0.038430920896018995,0.020958889419368503,-0.02104163437804177,0.02011999091855735,0.06440453668554612,-0.07559994817678985,0.06880303366274498,0.046523477334257934,0.11299228041438492,0.10639075353658402,0.11236754249650835,-0.1209543462500795,0.16050180756540627,0.17455359892734246,0.2357528356332256,0.10452743557714653,0.15259704650471903,0.1913087874741646,0.11295053726468703,0.17414793001120035,0.29575169653337857,0.11270809185658914,0.3424317218018316,1.0,0.22331735064616812,0.17942527159700794,0.02537269377586054,0.042617276309543026,0.08541988434379535,-0.12491186897004895,9.11588855863564e-05,0.0230900692506991,-0.12649208860200617,-0.04710958898279451,-0.15175521487182672,-0.09199189480953537,0.07008081834967834
CONLEGIS,0.023126683158201728,0.0032312829124547643,0.03999835923537791,0.012814285011958288,0.03062597332751151,-0.02177199805220093,0.040592594234820374,0.00805736922464025,0.08632336069081958,0.05375700481966559,-0.030233366051658297,-0.08362859171152869,0.07668190457346417,0.0806267591961386,0.029931809609938197,0.047932390618141224,0.056539448634067596,0.056373830038463656,-0.06623740433640526,0.04262950777350296,0.3105928158110841,0.24134691106215317,0.20338836174395658,0.29051650071417484,0.4412117669193765,0.24213917266710586,0.2780380394471079,0.23051676718833336,0.23245296815773245,0.393714350322589,0.22331735064616812,1.0,0.2392219565948641,0.013354843161280449,0.05788048116776784,0.06275608686954814,-0.01509528233534608,0.05286261300060788,-0.027811508656265763,0.06814381017406901,0.02107229601680324,0.08090557886800205,0.016235669249406934,0.0644907539610819
CONARMY,-0.07919159730668128,-0.05738275072334016,-0.05856384883377133,0.022375388419725615,0.020029436342408755,-0.047375192123814885,-0.06815091240354787,0.24896516128084767,0.02265186329350957,-0.04629846946837958,-0.022012883761371952,-0.04708669170379005,0.07462125532490997,0.06205945453381372,0.038342821353589115,-0.01304920992397419,0.008073748898025826,0.03187810453520084,-0.022421602715406122,-0.0066914526455703035,0.25753227124016687,0.21114965022418636,0.18435247144200792,0.18112277020323306,0.2500258955109817,0.15327340085103225,0.06685529500071824,0.21628372107322583,0.1478147163811497,0.23521779105191676,0.17942527159700794,0.2392219565948641,1.0,0.021084435442014337,0.07727413852587128,0.022712239174959247,-0.0010632441374650073,0.07308722603204179,-0.05043377131498455,0.06400142978273694,0.1352086248725668,0.08476549346847718,0.05125062542645122,-0.04022562384632814
AGED,0.06790856051033825,0.02368986898682095,0.0453277045168574,-0.01752445047434531,-0.003936203976315282,0.061913430080633915,0.0810501569329226,-0.043939147949169824,0.08424931575415864,0.08680151001144559,0.08010000803811095,0.017853831252284375,-0.01946420860129575,-0.018278441789230958,-0.0062152762898858615,0.044029036368595634,0.04743141780040901,-0.009217165633508552,0.023869056883212243,-0.003316456506998544,-0.032119403126895076,-0.012230601317495987,2.734707703302645e-05,0.00679079279689325,0.014640203957760339,0.0510338189252443,-0.00030996678024668975,0.004535915173462993,-0.0026773757855342284,0.031847491921473604,0.02537269377586054,0.013354843161280449,0.021084435442014337,1.0,-0.006995059003675462,0.019548897333729512,0.021671031647708602,0.0029739979718441853,0.0670077654483765,-0.060784277897626894,-0.014225253007836948,-0.08651932277365589,-0.05617620429668463,-0.0815387836534591
SATJOB,-0.06448123322982895,-0.04243170915767388,-0.04600640013089671,0.005692610907115502,0.0030883931030196237,-0.027457989155567134,-0.03530736889525395,0.05676493687662963,-0.005895355791373609,-0.07497359018348997,-0.0545788856916433,-0.10272490012064468,0.09812987510680996,0.2788709472015791,0.1674179072907226,0.13452214548004154,0.19831702523391026,0.10536603273971398,-0.11677254605480379,0.10153158619639177,0.0808488980256398,0.10932563384151942,0.06899429326686944,0.05532158784443469,0.0705591618004325,0.0019470688344501205,-0.005441929540950918,0.05428714903901421,0.014395612194692377,0.05867941362254492,0.042617276309543026,0.05788048116776784,0.07727413852587128,-0.006995059003675462,1.0,0.15110973051033483,-0.16260447441573161,0.08879924514973589,-0.06682726244226292,0.06829272448738989,0.04467753990355098,0.01389015219245105,0.05730896970708474,0.06483863817112022
FINALTER,0.042966183165405694,-0.014680263805008795,0.01688953202746416,0.003143542387845103,-0.00016855208737048236,0.01949697070781471,0.015057827478917584,-0.019674502455671695,0.03493251431146057,-0.07920556440471016,-0.024947618007238003,-0.0082708224058819,-0.0185594795593078,0.20863843874898436,0.11481310398349323,0.19565782867521828,0.1580706397367041,0.0656660005717863,-0.07520913518628404,0.08802309798220487,0.08612850782158958,0.1220648068890463,0.015161585824458507,0.036055014746439414,0.08000782057573891,0.022981774010995534,0.009227157572994778,0.08364448254733853,0.001400734017985915,0.08684527645247274,0.08541988434379535,0.06275608686954814,0.022712239174959247,0.019548897333729512,0.15110973051033483,1.0,-0.31238770124385407,0.07006390750030835,-0.010660654381240824,-0.03677133000948274,-0.00714091163378062,-0.05006029329595974,-0.04030791559050254,0.04189013468454973
FINRELA,0.011156097996220669,0.06277838519479179,0.009922483566423375,0.01570759578938719,0.03777678342718052,0.008500295920213985,0.046351573414889484,0.011435231460985023,-0.006996215977873595,0.13812204209134774,0.031167101199544283,0.029914488675363816,0.007346270238831151,-0.20366788861195548,-0.08913232299676901,-0.23184245057617994,-0.1839390721657604,-0.1267124063954356,0.15793439403036139,-0.18083534912572238,-0.06079227845721271,-0.14354957437936142,-0.01880573953168195,-0.0003462087455032786,-0.05744167401436145,0.05137987836619931,0.009324395175019625,-0.06072142649214135,0.03754491779191195,-0.09170169403900597,-0.12491186897004895,-0.01509528233534608,-0.0010632441374650073,0.021671031647708602,-0.16260447441573161,-0.31238770124385407,1.0,-0.03618062527599777,0.04825764176230967,0.05154579443127886,0.03642243165410947,0.09242091770022517,0.034264356111386236,-0.15405917303193262
GETAHEAD,-0.019268383803355514,-0.032636028816411755,-0.018379044370789608,0.025161676622162156,0.023123605117480527,-0.007400340623473387,-0.014875087242423405,0.06004982293935073,-0.0013639493269148868,-0.06016572600316563,-0.05630228681747206,-0.06345514484431677,0.0543442074978434,0.08539905785154699,0.05710135472404966,0.031637083408660775,0.05683033043377587,0.03603466018692659,-0.05512817550055153,0.031219840803163288,0.05984892756006935,0.06387493209550835,0.06250444602122039,0.04149167296320698,0.050324055395492895,0.011773697377698594,-0.0035290326840453808,0.04570106663341326,0.0024518257389388193,0.03589294915203333,9.11588855863564e-05,0.05286261300060788,0.07308722603204179,0.0029739979718441853,0.08879924514973589,0.07006390750030835,-0.03618062527599777,1.0,-0.06049575525357447,0.051091917665577226,0.10217412869876656,0.0443959507123587,0.08225085353428614,-0.01603545217783847
DIVLAW,0.08990382052001784,0.05524264589412103,0.0749668478414806,-0.022958662551494313,-0.020244125990753935,0.05399120525508928,0.12245678273675163,-0.08071481837340785,0.06389356642253434,0.11889115172109804,0.12403863387344466,0.23494141936111687,-0.20242141477191422,-0.08377106479547664,-0.096331089262663,-0.00225530263140275,-0.03143719965134763,-0.0672723749969889,0.09566520199827046,-0.0537530322747643,-0.057954422318447364,-0.05270491208723163,-0.10521500767261321,0.006149282553200684,-0.03586635355109133,0.04385491061157328,0.057282185133228754,-0.002783576783184115,0.07918977503412504,0.007533243374263492,0.0230900692506991,-0.027811508656265763,-0.05043377131498455,0.0670077654483765,-0.06682726244226292,-0.010660654381240824,0.04825764176230967,-0.06049575525357447,1.0,-0.29666309847294786,-0.21843215584317868,-0.20073375084382497,-0.20550854040276706,-0.07423697390060265
PREMARSX,-0.1621014002730181,-0.0832219185033173,-0.07869078339358616,0.01614365917926823,0.029715532203824422,-0.11992646381262256,-0.08844219248127919,0.1095054756319178,-0.009447997691307603,-0.0688283794701197,-0.10333651970539484,-0.43589839486289145,0.3927681169679652,0.06710618586279357,0.06063892765226104,-0.08175922673891318,-0.03827562186770139,0.03457769638161761,-0.03638355390666506,-0.019144310782158943,0.10900923016017464,0.031950770992159316,0.1857528318634923,0.05322738031104061,0.05596680177670346,-0.032007026483984596,-0.0342976246014774,-0.007475483965971935,-0.05209884605144134,-0.052568958193476636,-0.12649208860200617,0.06814381017406901,0.06400142978273694,-0.060784277897626894,0.06829272448738989,-0.03677133000948274,0.05154579443127886,0.051091917665577226,-0.29666309847294786,1.0,0.3086153665772349,0.47566427135553174,0.37165638912898247,0.03787273886900536
XMARSEX,-0.06848301342794584,-0.0339012999131216,-0.04735035521462646,0.05323729572862575,0.04670751040469161,-0.025735258072008934,-0.06720060659157127,0.10083248540224517,-0.028105244760146548,-0.0715462595656784,-0.10272651628356222,-0.21074745087795083,0.20498716584205334,0.07633479165132734,0.10722447561227279,-0.026376875362090442,-0.01445933038988233,-0.009777928809873595,-0.010588443921621312,-0.050312435033308414,0.06531686756298971,0.043717624094135286,0.13867144501465622,0.03407885580716555,0.03154638148699418,0.006544496463152634,-0.05116642309239856,0.021303630193842953,-0.011972898746901085,-0.014555527307055335,-0.04710958898279451,0.02107229601680324,0.1352086248725668,-0.014225253007836948,0.04467753990355098,-0.00714091163378062,0.03642243165410947,0.10217412869876656,-0.21843215584317868,0.3086153665772349,1.0,0.27911882771790214,0.24171765189660113,-0.044697363681390025
HOMOSEX,-0.15678308306878563,-0.07473036470766632,-0.09134639556211281,0.04459744080308851,0.04478736439956524,-0.1344812433853991,-0.13131744747419888,0.1472196200739693,-0.08083850417834075,-0.08075975742557326,-0.15169840184828956,-0.3154991414027825,0.3107050717768669,0.01572642411013133,0.019558743384452553,-0.08702001696250225,-0.08739539929686639,-0.054367158280096424,0.037135277273318744,-0.08458357344618213,0.10479373791003516,0.032989358817186246,0.18129946208308978,0.06546062045926038,0.054697902990306815,-0.030783074419884034,0.019981162633994954,0.024861359411365577,0.056975604029437986,-0.0696950102639624,-0.15175521487182672,0.08090557886800205,0.08476549346847718,-0.08651932277365589,0.01389015219245105,-0.05006029329595974,0.09242091770022517,0.0443959507123587,-0.20073375084382497,0.47566427135553174,0.27911882771790214,1.0,0.30109178997195996,0.06357829951516078
PORNLAW,-0.08980845422023073,-0.024456527848718903,-0.046420346752799116,0.052437123596889366,0.05110991918638681,-0.05866607510481461,-0.07890924452117629,0.10166516832737048,-0.03294732272492608,-0.06285884087310886,-0.12270165819062567,-0.269868547748654,0.24818189322715764,0.06597341640076262,0.04089352674352912,-0.06880493783178653,-0.02250182080598971,0.039730952381642586,-0.04546085813769885,-0.015337614809303938,0.048167829121022646,0.005150802708499697,0.11100844914203768,0.01974029404035124,0.015622000953367104,-0.04348861524988699,-0.04861144848206981,-0.023063646789415783,-0.05933312689740699,-0.0562678319126343,-0.09199189480953537,0.016235669249406934,0.05125062542645122,-0.05617620429668463,0.05730896970708474,-0.04030791559050254,0.034264356111386236,0.08225085353428614,-0.20550854040276706,0.37165638912898247,0.24171765189660113,0.30109178997195996,1.0,0.022444322938321853
NEWS,-0.02421691352744832,0.00878228269893332,-0.00041921763911890607,0.025174814890070004,0.01841290240859734,-0.045928952326369794,-0.037726833365172394,-0.021875103648187004,-0.08473275021291493,-0.05225870720678639,-0.09458599526310305,-0.1049582688693158,0.0660875225308869,0.07861161918843976,0.05255178516377579,0.10084374221430305,0.0657181610839242,0.1350503475595035,-0.16317658920192496,0.1606815726858739,0.07831085759463158,0.10508770150531195,0.07233030323145534,0.0494734461707993,0.06790987196515076,-0.05706034607369273,0.11061016523395831,0.07343656543128048,0.02504625447190059,0.07193891842616507,0.07008081834967834,0.0644907539610819,-0.04022562384632814,-0.0815387836534591,0.06483863817112022,0.04189013468454973,-0.15405917303193262,-0.01603545217783847,-0.07423697390060265,0.03787273886900536,-0.044697363681390025,0.06357829951516078,0.022444322938321853,1.0
