"item","stability"
"NATENVIR",0.998
"NATHEAL",1
"NATCITY",1
"NATCRIME",1
"NATDRUG",1
"NATEDUC",1
"NATRACE",1
"NATARMS",0.294
"NATAID",1
"NATFARE",1
"COURTS",0.958
"ATTEND",1
"RELITEN",1
"HAPPY",0.982
"HAPMAR",0.982
"HEALTH",0.982
"LIFE",0.982
"HELPFUL",0.996
"FAIR",0.996
"TRUST",0.996
"CONFINAN",1
"CONBUS",1
"CONCLERG",0.916
"CONEDUC",1
"CONFED",1
"CONLABOR",1
"CONPRESS",1
"CONMEDIC",1
"CONTV",1
"CONJUDGE",1
"CONSCI",1
"CONLEGIS",1
"CONARMY",1
"AGED",0.998
"SATJOB",0.982
"FINALTER",0.982
"FINRELA",0.982
"GETAHEAD",0.564
"DIVLAW",0.998
"PREMARSX",1
"XMARSEX",1
"HOMOSEX",1
"PORNLAW",1
"NEWS",0.996
