measure,set,n_years,df,b,se,ci_lo,ci_hi,t,p,n_extract,p_bonf_44
Premarsx,other,46,43,-0.01019308402113736,0.0023103221741165333,-0.01485229272738124,-0.005533875314893482,-4.411975150190988,6.759447002080337e-05,27,0.0029741566809153483
Happy,focal,46,43,-0.007601162398006647,0.0018945107769629723,-0.011421807503260916,-0.0037805172927523763,-4.012203303584168,0.00023605309970926806,32,0.010386336387207795
Courts,other,46,43,0.015765637188224546,0.0043426246020894475,0.007007900029015924,0.024523374347433166,3.6304397991571578,0.0007477416037968371,32,0.03290063056706083
Reliten,other,46,43,-0.01619380752780924,0.005328445719334921,-0.026939642444000864,-0.005447972611617613,-3.0391240486973556,0.004026837444259694,30,0.17718084754742655
Attend,other,46,43,0.03194031992475907,0.011240913250884858,0.009270857859502896,0.054609781990015246,2.8414346069475096,0.006839138273466887,32,0.300922084032543
Pornlaw,other,46,43,-0.004701874199277735,0.0017430699171272406,-0.008217109703856931,-0.0011866386946985394,-2.69746735519761,0.009939630516154959,27,0.43734374271081816
Divlaw,other,46,43,0.008170999911800203,0.0032542763353076835,0.001608126212253487,0.014733873611346919,2.510850053865403,0.015883589528334803,27,0.6988779392467314
Conmedic,other,46,43,-0.010008047562831232,0.004026566010885977,-0.01812839182666088,-0.001887703299001585,-2.485504406428229,0.016903366824008677,30,0.7437481402563818
Getahead,other,46,43,0.004919371426020308,0.0019920176882066883,0.0009020848934900363,0.00893665795855058,2.469542040286282,0.0175757706018976,27,0.7733339064834943
Nataid,other,46,43,0.00946525040466123,0.0039271863481551384,0.0015453243314227563,0.0173851764778997,2.4101862161717102,0.02029418267730527,31,0.8929440378014318
Conbus,other,46,43,-0.011746750087950175,0.004944596017318088,-0.02171847830440853,-0.0017750218714918213,-2.3756743820542745,0.02204409283761467,30,0.9699400848550455
Conlegis,other,46,43,-0.013372787583298379,0.005786768722217216,-0.025042918924129402,-0.0017026562424673573,-2.310924839963979,0.025697450159049978,30,1.0
Health,other,46,43,-0.0039586916091626095,0.0017586649414899698,-0.0075053774777208895,-0.00041200574060433004,-2.250964078358633,0.02955447413528959,29,1.0
Confed,other,46,43,-0.015251761131210892,0.006777206383041978,-0.028919300376448666,-0.001584221885973118,-2.250449561249022,0.029589690858845368,30,1.0
Conarmy,other,46,43,0.014015564705959771,0.006384910460233236,0.0011391655880392693,0.026891963823880274,2.19510747930642,0.03360262534075638,30,1.0
Life,other,46,43,0.0034729878904394135,0.0015993190751572596,0.00024765358749351,0.006698322193385317,2.1715415919102434,0.035452924346577014,27,1.0
Conlabor,other,46,43,0.007005582758268375,0.003226384636313259,0.0004989580305069258,0.013512207486029824,2.171341469773904,0.03546901509906823,30,1.0
Satjob,other,46,43,0.005248638818176325,0.0026403680362274556,-7.617080357407314e-05,0.010573448439926723,1.987843643826091,0.05322024354616942,32,1.0
Conjudge,other,46,43,-0.005842566859208247,0.003034623303573268,-0.011962468003119425,0.0002773342847029311,-1.9253021791299851,0.06082198830578304,30,1.0
News,other,46,43,-0.01301708960954319,0.006763987006667283,-0.02665796944156746,0.0006237902224810795,-1.9244699312272782,0.060929125849824343,27,1.0
Trust,focal,46,43,-0.008455287910825462,0.004619894760546255,-0.01777219363567259,0.0008616178140216646,-1.8301905885461582,0.07415866765333291,28,1.0
Homosex,other,46,43,-0.017900760584392175,0.009859858141672754,-0.03778505958419657,0.0019835384154122185,-1.8155190802121681,0.07642184720840318,27,1.0
Natrace,other,46,43,0.008194698296544775,0.004555856800093269,-0.0009930625730023568,0.017382459166091907,1.7987172679301533,0.079084976805048,31,1.0
Coneduc,other,46,43,-0.0069208424801466065,0.003859271197864285,-0.01470380459958413,0.0008621196392909168,-1.7933029645536678,0.07995963420740827,30,1.0
Aged,other,46,43,0.00972161236408517,0.005452026712813875,-0.0012734473776282885,0.020716672105798625,1.7831189897211077,0.0816268625359141,27,1.0
Conclerg,other,46,43,-0.009252240819830934,0.0052427951688664804,-0.019825344939033287,0.0013208632993714185,-1.764753441975746,0.08470729987386555,30,1.0
Helpful,other,46,43,-0.00803320308600731,0.004657866032865828,-0.017426685179536078,0.0013602790075214564,-1.7246530985058732,0.09177244957312536,28,1.0
Finrela,other,46,43,0.0035262898600820075,0.002148180346252536,-0.0008059286867400078,0.007858508406904023,1.641524123537188,0.10798371791013008,32,1.0
Fair,focal,46,43,0.006427405046305387,0.003938476702648618,-0.001515290196766602,0.014370100289377376,1.6319520290631577,0.10999273950259766,28,1.0
Hapmar,other,46,43,-0.0017218569345573906,0.0014026902086496282,-0.0045506513362743445,0.0011069374671595633,-1.2275389989461925,0.22629794586316615,31,1.0
Confinan,other,46,43,-0.006815353033370386,0.006789851615231678,-0.02050839381972255,0.006877687752981778,-1.0037558137620417,0.32111160291677127,28,1.0
Natfare,other,46,43,0.004695947045251558,0.005075509422000042,-0.005539793213203248,0.014931687303706365,0.9252168905246728,0.3600166567000758,31,1.0
Natcrime,other,46,43,-0.0018080473602165026,0.002411710707972714,-0.006671725531779287,0.003055630811346282,-0.7496949589515024,0.457520698168524,31,1.0
Natarms,other,46,43,0.005288086959852084,0.0075693246938837045,-0.009976911103725719,0.02055308502342989,0.6986207057711574,0.48855054626526084,31,1.0
Natheal,other,46,43,-0.001597237971431728,0.002905692614037187,-0.007457125599514428,0.004262649656650972,-0.5496926838426023,0.5853740742743786,31,1.0
Contv,other,46,43,-0.0013354162319216267,0.002931948437499493,-0.007248253774365061,0.004577421310521808,-0.45547057200655755,0.6510624366451244,30,1.0
Consci,other,46,43,-0.0005154448584535629,0.0017179830334100707,-0.003980087840337407,0.002949198123430281,-0.3000290738788279,0.7656006589678718,30,1.0
Nateduc,other,46,43,0.0005472251667364841,0.0018354799253263861,-0.0031543728805085076,0.004248823213981475,0.29813737496430326,0.767034206874105,31,1.0
Conpress,other,46,43,0.0009036255571216734,0.0034465270320421315,-0.006046958622825518,0.007854209737068865,0.2621843811816147,0.7944312761517015,30,1.0
Xmarsex,other,46,43,-0.0005883222543603683,0.00227545022561858,-0.00517720497409655,0.004000560465375814,-0.25855202093046586,0.7972145296816388,27,1.0
Natdrug,other,46,43,0.0004544876223636224,0.002603724119638071,-0.004796422498651809,0.005705397743379054,0.17455291017037478,0.8622502276936126,31,1.0
Natcity,other,46,43,-0.00043073947220961806,0.0029854587864501752,-0.006451490917959852,0.005590011973540616,-0.14427915540639025,0.8859541369965037,31,1.0
Finalter,other,46,43,-0.0005233051503077818,0.0037286324114002936,-0.008042809048166785,0.006996198747551221,-0.14034774484815835,0.8890406230195906,32,1.0
Natenvir,other,46,43,0.00017562201444157322,0.0029898277191242363,-0.005853940223751392,0.006205184252634538,0.058739844211831524,0.953431459864393,31,1.0
