"","NATENVIR","NATHEAL","NATCITY","NATCRIME","NATDRUG","NATEDUC","NATRACE","NATARMS","NATAID","NATFARE","COURTS","ATTEND","RELITEN","HAPPY","HAPMAR","HEALTH","LIFE","HELPFUL","FAIR","TRUST","CONFINAN","CONBUS","CONCLERG","CONEDUC","CONFED","CONLABOR","CONPRESS","CONMEDIC","CONTV","CONJUDGE","CONSCI","CONLEGIS","CONARMY","AGED","SATJOB","FINALTER","FINRELA","GETAHEAD","DIVLAW","PREMARSX","XMARSEX","HOMOSEX","PORNLAW","NEWS"
"NATENVIR",1,0.291370789237976,0.221679222590444,0,0.00474577879947631,0.260621988187007,0.222920113420936,-0.0865831911163678,0,0.0396581615639361,0,0,-0.0795924628470519,0,0,0,0,0,0,0,0,0,0,0,0,0,0,0,0,0,0.00054843618111601,0,0,0.000898084363235124,0,0,0,0,0.00355695364454516,-0.162301838405432,-0.0027312318693735,-0.156777954512926,0,0
"NATHEAL",0.291370789237976,1,0.252549385362566,0.115675291195839,0.125807229293864,0.272124769368251,0.136528464745086,0,0,0.103111296230205,0,0,0,0,0,0,0,0,0,0,0,0,0,0,0,0,0,0,0,0,0,0,0,0,0,0,0,0,0,-0.0556738754469314,0,-0.00786968682128117,0,0
"NATCITY",0.221679222590444,0.252549385362566,1,0.137874698092569,0.125173853699002,0.117666691342739,0.322340501364853,-0.00601922346099734,0.0961983429632359,0.182452495325151,0,0,0,0,0,0,0,0,0,0,0,0,0,0,0,0,0,0,0,0,0,0,0,0,0,0,0,0,0.000154257378681934,0,0,0,0,0
"NATCRIME",0,0.115675291195839,0.137874698092569,1,0.381327246683829,0.101909709476262,0.0267685000621646,0,0,0,0,0,0,0,0,0,0,0,0,0,0,0,0,0,0,0,0,0,0,0,0,0,0,0,0,0,0,0,0,0,0,0,0,0
"NATDRUG",0.00474577879947631,0.125807229293864,0.125173853699002,0.381327246683829,1,0.17982698873972,0.183631275772598,0,0,0,0,0,0,0,0,0,0,0,0,0,0,0,0,0,0,0,0,0,0,0,0,0,0,0,0,0,0,0,0,0,0,0,0,0
"NATEDUC",0.260621988187007,0.272124769368251,0.117666691342739,0.101909709476262,0.17982698873972,1,0.274379428988056,0,0,0.0207239364218972,0,0,0,0,0,0,0,0,0,0,0,0,0,0,0,0,0,0,0,0,0,0,0,0.000814698615843961,0,0,0,0,0,-0.11926677893808,0,-0.13409609194652,0,0
"NATRACE",0.222920113420936,0.136528464745086,0.322340501364853,0.0267685000621646,0.183631275772598,0.274379428988056,1,-0.0554682343176892,0.173022737918451,0.329472842007394,0.121464733894443,0,0,0,0,0,0,0,0,0,0,0,0,0,0,0,0,0,0,0,0,0,0,0.0421121266692323,0,0,0,0,0.000250243547018589,0,0,-0.0338692596422706,0,0
"NATARMS",-0.0865831911163678,0,-0.00601922346099734,0,0,0,-0.0554682343176892,1,0,-0.00991261714089599,-0.000661020535904739,0,0.024626521521502,0,0,0,0,0,0,0,0.0266472095262867,0.0106916862803684,0,0,0.0100457730856012,0,0,0,0,0,0,0,0.0820884300324933,0,0,0,0,0.000383729358250778,-0.000155145849113604,0.00212294825230902,0.00380252573172354,0.0770448536295783,0.000692279535919076,0
"NATAID",0,0,0.0961983429632359,0,0,0,0.173022737918451,0,1,0.210058475757961,0.122084685037661,0,0,0,0,0,0,0,0,0,0,0,0,0,0,0,0,0,0,0,0,0,0,0.0595100471802489,0,0,0,0,0,0,0,0,0,0
"NATFARE",0.0396581615639361,0.103111296230205,0.182452495325151,0,0,0.0207239364218972,0.329472842007394,-0.00991261714089599,0.210058475757961,1,0.156596714231884,0,0,0,0,0,0,0,0,0,0,0,0,0,0,0,0,0,0,0,0,0,0,0.0729558361598447,0,0,0,0,0.000238819580137275,0,0,0,0,0
"COURTS",0,0,0,0,0,0,0.121464733894443,-0.000661020535904739,0.122084685037661,0.156596714231884,1,0,0,0,0,0,0,0,0,0,0,0,0,0,0,0,0,0,0,0,0,0,0,0.0757432971175648,0,0,0,-0.00107395888475115,0.000522476377731252,-0.000218528482540785,-0.00454444298460594,-0.00733699483983707,-0.00507227871421365,0
"ATTEND",0,0,0,0,0,0,0,0,0,0,0,1,-0.637545900948436,-0.00246320772520301,-0.00165089225019507,0,-0.000986914891406519,0,0,0,-0.00979008361537338,-0.0458865066767413,-0.288803977118157,-0.000761861215399208,-0.00504114484290993,0,0,0,0,0,0.0107032634073391,-0.0563739642381353,0,0,0,0,0,-0.000156039086456698,0.217247149431893,-0.435866948338657,0,-0.315898014353177,-0.257710229495961,0
"RELITEN",-0.0795924628470519,0,0,0,0,0,0,0.024626521521502,0,0,0,-0.637545900948436,1,0.000666008473470843,0.000610421700202396,0,0,0,0,0,0.0093405463393892,0.00675864929710554,0.2761142784243,0,0.0037003275500349,0,0,0,0,0,-0.0164018527347336,0.0453503977108334,0,0,0,0,0,0,-0.00694636346993188,0.392910972696528,0,0.310833348964791,0.010870310892145,0
"HAPPY",0,0,0,0,0,0,0,0,0,0,0,-0.00246320772520301,0.000666008473470843,1,0.45896411744224,0.266369552526733,0.338623513190786,0.0400562148351231,-0.120026420884725,0.0559762094972845,0,0.0024328113805222,0.000156337889948271,0,0.0010823165320587,0,0,0,0,0,0,0,0,0,0.278857748987842,0.208373405431088,-0.203699887989207,0.038252714152985,0,0,0,0,0,0.00165522614986804
"HAPMAR",0,0,0,0,0,0,0,0,0,0,0,-0.00165089225019507,0.000610421700202396,0.45896411744224,1,0.137101520691362,0.229534589698534,0.00163923997039115,-0.00862015990871801,0.00016386352975737,0,0.000800388954828016,0,0,0,0,0,0,0,0,0,0,0,0,0.0990521628666892,0.0448578569866656,-0.037743647951192,0.00853407596544441,0,0,0,0,0,0
"HEALTH",0,0,0,0,0,0,0,0,0,0,0,0,0,0.266369552526733,0.137101520691362,1,0.272974229591135,0,-0.0300777700391084,0.0655115252825514,0,0.000225725720676738,0,0,0,0,0,0,0,0,0.00118228158979052,0,0,0,0.0399966725436502,0.0961775362036644,-0.141686721912082,0,0,0,0,0,0,0.000918792787549363
"LIFE",0,0,0,0,0,0,0,0,0,0,0,-0.000986914891406519,0,0.338623513190786,0.229534589698534,0.272974229591135,1,0.0388631606893839,-0.0101130111110024,0.103320301463704,0,0.000788574811417887,0,0,0,0,0,0,0,0,0,0,0,0,0.191615515549289,0.018969521791935,-0.182344540864975,0.0165339938041307,0,0,0,0,0,0.000291557684451157
"HELPFUL",0,0,0,0,0,0,0,0,0,0,0,0,0,0.0400562148351231,0.00163923997039115,0,0.0388631606893839,1,-0.42811165496847,0.358726427905764,0,0.0502067741955771,0,0,0,0,0,0,0,0.0112750806386297,0.0523556259471901,0,0,0,0,0,-0.0570356554842739,0,0,0,0,0,0,0.086757485983597
"FAIR",0,0,0,0,0,0,0,0,0,0,0,0,0,-0.120026420884725,-0.00862015990871801,-0.0300777700391084,-0.0101130111110024,-0.42811165496847,1,-0.410013588375118,0,-0.0627054145533217,0,0,0,0,0,0,0,-0.0685088381989908,-0.108240590115351,0,0,0,-0.000710824439038331,-0.000166552164576271,0.14882906508573,0,0,0,0,0,0,-0.149915715908463
"TRUST",0,0,0,0,0,0,0,0,0,0,0,0,0,0.0559762094972845,0.00016386352975737,0.0655115252825514,0.103320301463704,0.358726427905764,-0.410013588375118,1,0,0.0733698852761952,0,0,0.0359686150152163,0,0,0.0310516888379304,0,0.0937557023115218,0.156303538048682,0,0,0,0.000209796404133179,0.00603785099019089,-0.170642370909983,0,0,0,0,-0.0010450102595655,0,0.139837825078189
"CONFINAN",0,0,0,0,0,0,0,0.0266472095262867,0,0,0,-0.00979008361537338,0.0093405463393892,0,0,0,0,0,0,0,1,0.307450021009532,0.0251764450206784,0.145371315951747,0.212603054623362,0,0.0400946764334005,0.0637549189995399,0.0416119724966419,0.0204838634080244,0.00105218181482575,0.310415909059417,0.15530017716971,0,0,0,0,0,0,0,0,0,0,0
"CONBUS",0,0,0,0,0,0,0,0.0106916862803684,0,0,0,-0.0458865066767413,0.00675864929710554,0.0024328113805222,0.000800388954828016,0.000225725720676738,0.000788574811417887,0.0502067741955771,-0.0627054145533217,0.0733698852761952,0.307450021009532,1,0.239494840880131,0,0.274153602400971,0,0,0.118624514937635,0,0.264585286323562,0.222607070735884,0.241383089759713,0.0443972355468048,0,0,0.00787904830191612,-0.0107284869740758,0,0,0.000389147054426098,0,5.39580183482013e-05,0,0.0014754256709297
"CONCLERG",0,0,0,0,0,0,0,0,0,0,0,-0.288803977118157,0.2761142784243,0.000156337889948271,0,0,0,0,0,0,0.0251764450206784,0.239494840880131,1,0.00555835148151455,0.011701558244456,0,0,0,0,0.14434515994981,0.0287018612979558,0.142062393744153,0,0,0,0,0,0,0,0.185798190468867,0,0.00732554668214902,0,0
"CONEDUC",0,0,0,0,0,0,0,0,0,0,0,-0.000761861215399208,0,0,0,0,0,0,0,0,0.145371315951747,0,0.00555835148151455,1,0.2637722359117,0.210437862327644,0.166305272620975,0.0687093775745991,0.0952693512890105,0.0948892212733788,0,0.290493298868598,0,0,0,0,0,0,0,0,0,0,0,0
"CONFED",0,0,0,0,0,0,0,0.0100457730856012,0,0,0,-0.00504114484290993,0.0037003275500349,0.0010823165320587,0,0,0,0,0,0.0359686150152163,0.212603054623362,0.274153602400971,0.011701558244456,0.2637722359117,1,0.213772257718977,0,0,0,0.350784902225837,0.114472956097508,0.441155204325522,0.221135566451172,0,0,0,0,0,0,0,0,0,0,0
"CONLABOR",0,0,0,0,0,0,0,0,0,0,0,0,0,0,0,0,0,0,0,0,0,0,0,0.210437862327644,0.213772257718977,1,0.0155545036549197,0,0.00181208385616549,0.000331581141078772,0,0.241786241633894,0.000317830173411841,0,0,0,0,0,0,0,0,0,0,0
"CONPRESS",0,0,0,0,0,0,0,0,0,0,0,0,0,0,0,0,0,0,0,0,0.0400946764334005,0,0,0.166305272620975,0,0.0155545036549197,1,0.0952192675603485,0.373572291956277,0.110815517004396,0,0.278053544385983,0,0,0,0,0,0,0,0,0,0,0,0
"CONMEDIC",0,0,0,0,0,0,0,0,0,0,0,0,0,0,0,0,0,0,0,0.0310516888379304,0.0637549189995399,0.118624514937635,0,0.0687093775745991,0,0,0.0952192675603485,1,0.103982126748799,0.205865202489523,0.236532492920789,0.114440410131501,0.00441835285541349,0,0,0,0,0,0,0,0,0,0,0
"CONTV",0,0,0,0,0,0,0,0,0,0,0,0,0,0,0,0,0,0,0,0,0.0416119724966419,0,0,0.0952693512890105,0,0.00181208385616549,0.373572291956277,0.103982126748799,1,0,0,0.229571040063992,0,0,0,0,0,0,0,0,0,0,0,0
"CONJUDGE",0,0,0,0,0,0,0,0,0,0,0,0,0,0,0,0,0,0.0112750806386297,-0.0685088381989908,0.0937557023115218,0.0204838634080244,0.264585286323562,0.14434515994981,0.0948892212733788,0.350784902225837,0.000331581141078772,0.110815517004396,0.205865202489523,0,1,0.342389349316049,0.393722335734506,0.112359633519017,0,0,0,0,0,0,-0.000682821271959429,0,-0.00336589612690512,0,0.00130452544464332
"CONSCI",0.00054843618111601,0,0,0,0,0,0,0,0,0,0,0.0107032634073391,-0.0164018527347336,0,0,0.00118228158979052,0,0.0523556259471901,-0.108240590115351,0.156303538048682,0.00105218181482575,0.222607070735884,0.0287018612979558,0,0.114472956097508,0,0,0.236532492920789,0,0.342389349316049,1,0.0841100666062406,0,0,0,0.000186554661378007,-0.012691841390014,0,0,-0.00492839149858346,0,-0.00603571579894378,0,0
"CONLEGIS",0,0,0,0,0,0,0,0,0,0,0,-0.0563739642381353,0.0453503977108334,0,0,0,0,0,0,0,0.310415909059417,0.241383089759713,0.142062393744153,0.290493298868598,0.441155204325522,0.241786241633894,0.278053544385983,0.114440410131501,0.229571040063992,0.393722335734506,0.0841100666062406,1,0.193912409756103,0,0,0,0,0,0,0.000343405517497183,0,0.000313377992232717,0,0
"CONARMY",0,0,0,0,0,0,0,0.0820884300324933,0,0,0,0,0,0,0,0,0,0,0,0,0.15530017716971,0.0443972355468048,0,0,0.221135566451172,0.000317830173411841,0,0.00441835285541349,0,0.112359633519017,0,0.193912409756103,1,0,0,0,0,0,0,0,0,0,0,0
"AGED",0.000898084363235124,0,0,0,0,0.000814698615843961,0.0421121266692323,0,0.0595100471802489,0.0729558361598447,0.0757432971175648,0,0,0,0,0,0,0,0,0,0,0,0,0,0,0,0,0,0,0,0,0,0,1,0,0,0,0,0,0,0,-0.00169699064208577,-0.000119089051471208,0
"SATJOB",0,0,0,0,0,0,0,0,0,0,0,0,0,0.278857748987842,0.0990521628666892,0.0399966725436502,0.191615515549289,0,-0.000710824439038331,0.000209796404133179,0,0,0,0,0,0,0,0,0,0,0,0,0,0,1,0.0058784372441871,-0.0196561842223924,0.0395100745317209,0,0,0,0,0,0
"FINALTER",0,0,0,0,0,0,0,0,0,0,0,0,0,0.208373405431088,0.0448578569866656,0.0961775362036644,0.018969521791935,0,-0.000166552164576271,0.00603785099019089,0,0.00787904830191612,0,0,0,0,0,0,0,0,0.000186554661378007,0,0,0,0.0058784372441871,1,-0.312714999271192,0.00190336665463905,0,0,0,0,0,0
"FINRELA",0,0,0,0,0,0,0,0,0,0,0,0,0,-0.203699887989207,-0.037743647951192,-0.141686721912082,-0.182344540864975,-0.0570356554842739,0.14882906508573,-0.170642370909983,0,-0.0107284869740758,0,0,0,0,0,0,0,0,-0.012691841390014,0,0,0,-0.0196561842223924,-0.312714999271192,1,0,0,0,0,0,0,-0.130022183559185
"GETAHEAD",0,0,0,0,0,0,0,0.000383729358250778,0,0,-0.00107395888475115,-0.000156039086456698,0,0.038252714152985,0.00853407596544441,0,0.0165339938041307,0,0,0,0,0,0,0,0,0,0,0,0,0,0,0,0,0,0.0395100745317209,0.00190336665463905,0,1,-0.000893476760827164,0.024674566403902,0.0581954946649541,0.00371129311313669,0.0476088286367633,0
"DIVLAW",0.00355695364454516,0,0.000154257378681934,0,0,0,0.000250243547018589,-0.000155145849113604,0,0.000238819580137275,0.000522476377731252,0.217247149431893,-0.00694636346993188,0,0,0,0,0,0,0,0,0,0,0,0,0,0,0,0,0,0,0,0,0,0,0,0,-0.000893476760827164,1,-0.296655220999412,-0.0171102423195238,-0.0133497639454783,-0.185903048923798,0
"PREMARSX",-0.162301838405432,-0.0556738754469314,0,0,0,-0.11926677893808,0,0.00212294825230902,0,0,-0.000218528482540785,-0.435866948338657,0.392910972696528,0,0,0,0,0,0,0,0,0.000389147054426098,0.185798190468867,0,0,0,0,0,0,-0.000682821271959429,-0.00492839149858346,0.000343405517497183,0,0,0,0,0,0.024674566403902,-0.296655220999412,1,0.308638631974745,0.475925976132685,0.371470820883579,0
"XMARSEX",-0.0027312318693735,0,0,0,0,0,0,0.00380252573172354,0,0,-0.00454444298460594,0,0,0,0,0,0,0,0,0,0,0,0,0,0,0,0,0,0,0,0,0,0,0,0,0,0,0.0581954946649541,-0.0171102423195238,0.308638631974745,1,0.279360693683049,0.241940356290546,0
"HOMOSEX",-0.156777954512926,-0.00786968682128117,0,0,0,-0.13409609194652,-0.0338692596422706,0.0770448536295783,0,0,-0.00733699483983707,-0.315898014353177,0.310833348964791,0,0,0,0,0,0,-0.0010450102595655,0,5.39580183482013e-05,0.00732554668214902,0,0,0,0,0,0,-0.00336589612690512,-0.00603571579894378,0.000313377992232717,0,-0.00169699064208577,0,0,0,0.00371129311313669,-0.0133497639454783,0.475925976132685,0.279360693683049,1,0.301197658391488,0
"PORNLAW",0,0,0,0,0,0,0,0.000692279535919076,0,0,-0.00507227871421365,-0.257710229495961,0.010870310892145,0,0,0,0,0,0,0,0,0,0,0,0,0,0,0,0,0,0,0,0,-0.000119089051471208,0,0,0,0.0476088286367633,-0.185903048923798,0.371470820883579,0.241940356290546,0.301197658391488,1,0
"NEWS",0,0,0,0,0,0,0,0,0,0,0,0,0,0.00165522614986804,0,0.000918792787549363,0.000291557684451157,0.086757485983597,-0.149915715908463,0.139837825078189,0,0.0014754256709297,0,0,0,0,0,0,0,0.00130452544464332,0,0,0,0,0,0,-0.130022183559185,0,0,0,0,0,0,1
